ticker,abbreviated name
sz000989,九 芝 堂
sz000620,新华联
sz000402,金 融 街
sh600561,江西长运
sz000690,宝新能源
sh600066,宇通客车
sh600211,西藏药业
sh600546,山煤国际
sh600118,中国卫星
sz000568,泸州老窖
sz000776,广发证券
sh600271,航天信息
sh600459,贵研铂业
sz000686,东北证券
sz000811,冰轮环境
sz000717,韶钢松山
sz000155,川能动力
sz000767,晋控电力
sz000782,美达股份
sz000810,创维数字
sz000985,大庆华科
sz000888,峨眉山Ａ
sz000869,张 裕Ａ
sz000889,ST中嘉
sz000903,云内动力
sz000912,泸天化
sz000915,华特达因
sz000938,紫光股份
sz000959,首钢股份
sh600099,林海股份
sz000807,云铝股份
sh600210,紫江企业
sh600231,凌钢股份
sh600436,片仔癀
sh600563,法拉电子
sh600573,惠泉啤酒
sh600666,*ST瑞德
sh600693,东百集团
sz000833,粤桂股份
sh600960,渤海汽车
sh600127,金健米业
sz000830,鲁西化工
sz000623,吉林敖东
sz000823,超声电子
sz000020,深华发Ａ
sz000025,特 力Ａ
sz000060,中金岭南
sz000150,*ST宜康
sz000828,东莞控股
sz000410,*ST沈机
sz000514,渝 开 发
sz000526,学大教育
sz000589,贵州轮胎
sz000159,国际实业
sz000596,古井贡酒
sz000608,阳光股份
sz000685,中山公用
sz000705,浙江震元
sz000710,贝瑞基因
sz000715,中兴商业
sz000802,ST北文
sz000591,太阳能
sh600738,丽尚国潮
sh600246,万通发展
sz000538,云南白药
sz002040,南 京 港
sh600390,五矿资本
sz002181,粤 传 媒
sh600037,歌华有线
sh600063,皖维高新
sh600125,铁龙物流
sh600273,嘉化能源
sh600318,新力金融
sz002038,双鹭药业
sh600406,国电南瑞
sh600331,宏达股份
sh600495,晋西车轴
sh600511,国药股份
sh600598,北大荒
sh600710,苏美达
sh600769,祥龙电业
sh600793,宜宾纸业
sh600845,宝信软件
sh600873,梅花生物
sz002036,联创电子
sh600892,大晟文化
sh600480,凌云股份
sz002021,ST中捷
sz001696,宗申动力
sz002007,华兰生物
sz000028,国药一致
sz000049,德赛电池
sz000070,特发信息
sz000419,通程控股
sz000502,*ST绿景
sz000587,*ST金洲
sz000601,韶能股份
sz000609,*ST中迪
sz000636,风华高科
sz000509,*ST华塑
sz000723,美锦能源
sz000751,锌业股份
sz000791,甘肃电投
sz000798,中水渔业
sz000868,安凯客车
sz000905,厦门港务
sz000983,山西焦煤
sz000993,闽东电力
sz000667,美好置业
sz000851,高鸿股份
sz000996,中国中期
sz000982,中银绒业
sz000978,桂林旅游
sz000951,中国重汽
sz000881,中广核技
sz000922,佳电股份
sz000909,数源科技
sz000897,津滨发展
sz002014,永新股份
sz000933,神火股份
sh600021,上海电力
sz000836,富通信息
sh600301,*ST南化
sh600389,江山股份
sh600439,瑞贝卡
sh600487,亨通光电
sh600550,保变电气
sh600675,中华企业
sh600683,京投发展
sh600719,ST热电
sz000850,华茂股份
sh600966,博汇纸业
sh600975,新五丰
sh600226,ST瀚叶
sh600817,宇通重工
sz000713,丰乐种业
sz000809,ST新城
sz000019,深粮控股
sz000031,大悦城
sz000068,华控赛格
sz000069,华侨城Ａ
sz000151,中成股份
sz000420,吉林化纤
sz000429,粤高速Ａ
sz000837,秦川机床
sz000557,西部创业
sz000559,万向钱潮
sz000572,海马汽车
sz000541,佛山照明
sz000612,焦作万方
sz000573,粤宏远Ａ
sz000792,盐湖股份
sz000777,中核科技
sz000766,通化金马
sz000796,ST凯撒
sz000709,河钢股份
sz000695,滨海能源
sz000679,大连友谊
sz000635,英 力 特
sh600416,湘电股份
sh600452,涪陵电力
sh600362,江西铜业
sh600358,国旅联合
sh600346,恒力石化
sh600312,平高电气
sh600306,ST商城
sh600285,羚锐制药
sh600207,安彩高科
sh600479,千金药业
sh600143,金发科技
sh600126,杭钢股份
sh600121,郑州煤电
sh600096,云天化
sh600076,康欣新材
sh600071,凤凰光学
sh600006,东风汽车
sz002022,*ST 科华
sz002042,华孚时尚
sh600192,长城电工
sh600501,航天晨光
sz000682,东方电子
sh600513,联环药业
sh601975,招商南油
sz002019,亿帆医药
sh600997,开滦股份
sh600987,航民股份
sh600979,广安爱众
sh600872,中炬高新
sh600864,哈投股份
sh600846,同济科技
sh600829,人民同泰
sh600503,华丽家族
sh600823,世茂股份
sh600785,新华百货
sh600774,汉商集团
sh600725,云维股份
sh600647,同达创业
sh600623,华谊集团
sh600613,神奇制药
sh600559,老白干酒
sh600529,山东药玻
sh600521,华海药业
sh600805,悦达投资
sz002016,世荣兆业
sz000504,南华生物
sz000969,安泰科技
sz000600,建投能源
sz000582,北部湾港
sz000565,渝三峡Ａ
sz000537,广宇发展
sz000531,穗恒运Ａ
sz000528,柳 工
sz000525,ST红太阳
sz000524,岭南控股
sz000603,盛达资源
sz000518,四环生物
sz000430,张家界
sz000426,兴业矿业
sz000089,深圳机场
sz000065,北方国际
sz000030,富奥股份
sz000026,飞亚达
sz000011,深物业A
sz000988,华工科技
sz000516,国际医学
sz000616,ST海投
sz000422,湖北宜化
sz000628,高新发展
sz000617,中油资本
sz000929,兰州黄河
sz000926,福星股份
sz000861,海印股份
sz000821,京山轻机
sz000816,智慧农业
sz000815,美利云
sz000952,广济药业
sz000778,新兴铸管
sz000856,冀东装备
sz000703,恒逸石化
sz000697,炼石航空
sz000692,惠天热电
sz000680,山推股份
sz000676,智度股份
sz000673,*ST当代
sz000733,振华科技
sz000629,攀钢钒钛
sh600276,恒瑞医药
sh600275,*ST昌鱼
sh600184,光电股份
sh600160,巨化股份
sh600138,中青旅
sh600079,人福医药
sz002033,丽江股份
sz002043,兔 宝 宝
sz002020,京新药业
sz000997,新 大 陆
sh600373,中文传媒
sz000987,越秀金控
sz000990,诚志股份
sh600015,华夏银行
sh600456,宝钛股份
sh600750,江中药业
sh600475,华光环能
sh600995,文山电力
sh600984,建设机械
sz000975,银泰黄金
sh600967,内蒙一机
sh600880,博瑞传播
sh600875,东方电气
sh600463,空港股份
sh600809,山西汾酒
sh600717,天津港
sh600692,亚通股份
sh600642,申能股份
sh600636,国新文化
sh600578,京能电力
sh600575,淮河能源
sh600765,中航重机
sz000962,东方钽业
sz000949,新乡化纤
sz000955,欣龙控股
sz000961,中南建设
sh601236,红塔证券
sz000008,神州高铁
sz000037,深南电A
sz000050,深天马Ａ
sz000059,华锦股份
sz000061,农 产 品
sz000428,华天酒店
sz000488,晨鸣纸业
sz000513,丽珠集团
sz000553,安道麦A
sz000560,我爱我家
sz000581,威孚高科
sz000584,哈工智能
sz000401,冀东水泥
sz000611,*ST天首
sz000950,重药控股
sz000598,兴蓉环境
sz000936,华西股份
sz000918,嘉凯城
sz000913,钱江摩托
sz000877,天山股份
sz000858,五 粮 液
sz000900,现代投资
sz000838,财信发展
sz000790,华神科技
sz000755,山西路桥
sz000677,恒天海龙
sz000630,铜陵有色
sz000626,远大控股
sz000953,河化股份
sz000980,*ST众泰
sz000971,ST高升
sz000968,蓝焰控股
sz000967,盈峰环境
sz000998,隆平高科
sz000920,沃顿科技
sz000812,陕西金叶
sz000898,鞍钢股份
sz000883,湖北能源
sz000860,顺鑫农业
sz000822,山东海化
sz000801,四川九洲
sz001896,豫能控股
sz000906,浙商中拓
sz002048,宁波华翔
sh600212,江泉实业
sh600064,南京高科
sz000795,英洛华
sh600219,南山铝业
sh600209,*ST罗顿
sh600208,新湖中宝
sh600199,金种子酒
sh600157,永泰能源
sh600148,长春一东
sh600141,兴发集团
sh600135,乐凯胶片
sh600133,东湖高新
sh600132,重庆啤酒
sh600117,西宁特钢
sh600114,东睦股份
sh600083,*ST博信
sh600073,上海梅林
sh600061,国投资本
sz000788,北大医药
sh600262,北方股份
sz000758,中色股份
sz000564,*ST大集
sz000546,金圆股份
sz000536,华映科技
sz000534,万泽股份
sz000532,华金资本
sz000520,长航凤凰
sz000571,ST大洲
sz000501,武商集团
sz000301,东方盛虹
sz000055,方大集团
sz000032,深桑达Ａ
sz000023,深天地Ａ
sz000006,深振业Ａ
sh600232,金鹰股份
sz000404,长虹华意
sz000586,汇源通信
sz000595,宝塔实业
sz000597,东北制药
sz000739,普洛药业
sz000735,罗 牛 山
sz000708,中信特钢
sz000701,厦门信达
sz000700,模塑科技
sz000691,亚太实业
sz000671,阳 光 城
sz000669,ST金鸿
sz000639,西王食品
sz000615,奥园美谷
sz000613,*ST东海A
sz000610,西安旅游
sz000607,华媒控股
sz000606,*ST顺利
sz000605,渤海股份
sz000786,北新建材
sh600258,首旅酒店
sh600137,浪莎股份
sh600282,南钢股份
sh600601,*ST方科
sh600619,海立股份
sh600626,申达股份
sh600630,龙头股份
sh600671,ST目药
sh600678,四川金顶
sh600684,珠江股份
sh600686,金龙汽车
sh600694,大商股份
sh600714,金瑞矿业
sh600730,中国高科
sh600732,爱旭股份
sh600735,新华锦
sh600595,ST中孚
sh600746,XD江苏索
sh600812,华北制药
sh600831,广电网络
sh600834,申通地铁
sh600850,电科数字
sh600854,春兰股份
sh600856,*ST中天
sh600870,*ST厦华
sh600889,南京化纤
sh600898,国美通讯
sh600965,福成股份
sh600971,恒源煤电
sh600990,四创电子
sh600993,马应龙
sh600810,神马股份
sh600572,康恩贝
sh600791,京能置业
sh600567,山鹰国际
sh600568,ST中珠
sh600298,安琪酵母
sh600305,恒顺醋业
sh600320,振华重工
sh600321,正源股份
sh600352,浙江龙盛
sh600379,宝光股份
sh600382,*ST广珠
sh600397,安源煤业
sh600398,海澜之家
sh600423,柳化股份
sh600426,华鲁恒升
sh600458,时代新材
sh600388,ST龙净
sh600558,大西洋
sh600560,金自天正
sh600461,洪城环境
sh600557,康缘药业
sh600533,栖霞建设
sh600532,未来股份
sh600519,贵州茅台
sh600517,国网英大
sh600531,豫光金铅
sh600500,中化国际
sh600497,驰宏锌锗
sh600489,中金黄金
sh600476,湘邮科技
sh600467,好当家
sh600593,*ST圣亚
sh600543,莫高股份
sh600581,八一钢铁
sh600565,迪马股份
sh600545,卓郎智能
sh600584,长电科技
sh600539,狮头股份
sh600400,红豆股份
sh600507,方大特钢
sh600478,科力远
sh600444,国机通用
sh600420,国药现代
sh600604,市北高新
sh600403,大有能源
sh600537,亿晶光电
sh600612,老凤祥
sh600886,国投电力
sh600660,福耀玻璃
sh600393,ST粤泰
sh600973,宝胜股份
sh600887,伊利股份
sh600882,妙可蓝多
sh600861,北京城乡
sh600795,国电电力
sh600794,保税科技
sh600789,鲁抗医药
sh600782,新钢股份
sh600749,西藏旅游
sh600724,宁波富达
sh600705,中航产融
sh600702,舍得酒业
sh600697,欧亚集团
sh600691,阳煤化工
sh600618,氯碱化工
sh600391,航发科技
sh600469,风神股份
sh600366,宁波韵升
sh600026,中远海能
sh600012,皖通高速
sz001914,招商积余
sz000977,浪潮信息
sz000931,中 关 村
sz000890,法尔胜
sz000875,吉电股份
sz000759,中百集团
sz000756,新华制药
sz000722,湖南发展
sz000720,新能泰山
sz000681,视觉中国
sz000555,神州信息
sz000510,新金路
sh600380,健康元
sh600106,重庆路桥
sh600120,浙江东方
sz000902,新洋丰
sh600173,卧龙地产
sh600355,精伦电子
sh600159,大龙地产
sh600326,西藏天路
sh600291,*ST西水
sh600281,华阳新材
sh600269,赣粤高速
sh600265,*ST景谷
sh600327,大东方
sh600237,铜峰电子
sh600188,兖矿能源
sh600229,城市传媒
sh600228,返利科技
sh600222,太龙药业
sh600201,生物股份
sh600243,青海华鼎
sh600392,盛和资源
sh600396,金山股份
sh600399,抚顺特钢
sh600409,三友化工
sh600418,江淮汽车
sh600425,青松建化
sh600493,凤竹纺织
sh600477,杭萧钢构
sh600496,精工钢构
sh600498,烽火通信
sh600516,方大炭素
sh600523,贵航股份
sh600535,天士力
sh600375,汉马科技
sh600448,华纺股份
sh600372,中航电子
sh600220,江苏阳光
sh600365,ST通葡
sh600217,中再资环
sh600549,厦门钨业
sh600227,圣济堂
sh600249,两面针
sh600251,冠农股份
sh600256,广汇能源
sh600260,*ST凯乐
sh600368,五洲交通
sh600261,阳光照明
sh600300,维维股份
sh600316,洪都航空
sh600322,天房发展
sh600335,国机汽车
sh600336,澳柯玛
sh600339,中油工程
sh600348,华阳股份
sh600267,海正药业
sh600570,恒生电子
sh600707,彩虹股份
sh600589,ST榕泰
sh600764,中国海防
sh600768,宁波富邦
sh600783,鲁信创投
sh600790,轻纺城
sh600796,钱江生化
sh600822,上海物贸
sh600858,银座股份
sh600867,通化东宝
sh600869,远东股份
sh600890,*ST中房
sh600976,健民集团
sh600981,汇鸿集团
sh600982,宁波能源
sh600983,惠而浦
sh600191,*ST华资
sh600763,通策医疗
sh600753,东方银星
sh600736,苏州高新
sh600720,祁连山
sh600590,泰豪科技
sh600594,益佰制药
sh600606,绿地控股
sh600608,ST沪科
sh600611,大众交通
sh600628,新世界
sh600648,外高桥
sh600583,海油工程
sh600650,锦江在线
sh600663,陆家嘴
sh600668,尖峰集团
sh600682,南京新百
sh600685,中船防务
sh600689,上海三毛
sh600699,均胜电子
sh600708,光明地产
sh600662,外服控股
sh600190,锦州港
sh600163,中闽能源
sh600165,新日恒力
sz000661,长春高新
sz000663,永安林业
sz000683,远兴能源
sz000721,西安饮食
sz000727,冠捷科技
sz000750,国海证券
sz000761,本钢板材
sz000762,西藏矿业
sz000768,中航西飞
sz000779,甘咨询
sz000789,万年青
sz000797,中国武夷
sz000799,酒鬼酒
sz000803,北清环能
sz000818,航锦科技
sz000659,珠海中富
sz000826,启迪环境
sz000652,泰达股份
sz000567,海德股份
sh600178,东安动力
sz000002,万 科Ａ
sz000021,深科技
sz000029,深深房Ａ
sz000048,京基智农
sz000066,中国长城
sz000090,天健集团
sz000096,广聚能源
sz000407,胜利股份
sz000417,合肥百货
sz000498,山东路桥
sz000519,中兵红箭
sz000523,*ST浪奇
sz000544,中原环保
sz000545,金浦钛业
sz000576,甘化科工
sz000831,五矿稀土
sz000078,海王生物
sz000886,海南高速
sh600035,楚天高速
sh600038,中直股份
sh600051,宁波联合
sh600059,古越龙山
sh600060,海信视像
sh600095,湘财股份
sh600020,中原高速
sh600097,开创国际
sh600110,诺德股份
sh600111,北方稀土
sh600113,浙江东日
sh600130,波导股份
sh600131,国网信通
sz000859,国风新材
sh600100,同方股份
sh600004,白云机场
sh600123,兰花科创
sz002039,黔源电力
sz002050,三花智控
sz000899,赣能股份
sz000923,河钢资源
sz000928,中钢国际
sz000930,中粮科技
sz000937,冀中能源
sz000970,中科三环
sz000919,金陵药业
sz002001,新 和 成
sz002037,保利联合
sz000972,*ST中基
sz002031,巨轮智能
sz000887,中鼎股份
sz002026,山东威达
sz002012,凯恩股份
sz002029,七 匹 狼
sh600512,腾达建设
sh600367,红星发展
sh600371,万向德农
sh600386,北巴传媒
sh600421,华嵘控股
sh600428,中远海特
sh600438,通威股份
sh600486,扬农化工
sh600522,中天科技
sh600502,安徽建工
sh600506,香梨股份
sh600363,联创光电
sh600468,百利电气
sh600490,鹏欣资源
sh600277,亿利洁能
sh600330,天通股份
sh600328,中盐化工
sh600313,农发种业
sh600311,*ST荣华
sh600278,东方创业
sh600250,南纺股份
sh600241,ST时万
sh600236,桂冠电力
sh600218,全柴动力
sh600216,浙江医药
sh600183,生益科技
sh600538,国发股份
sh600180,瑞茂通
sh600350,山东高速
sh600540,新赛股份
sh600781,ST辅仁
sh600576,祥源文化
sh600172,黄河旋风
sh600970,中材国际
sh600961,株冶集团
sh600900,长江电力
sh600897,厦门空港
sh600888,新疆众和
sh600883,博闻科技
sh600877,声光电科
sh600859,王府井
sh600841,动力新科
sh600833,第一医药
sh600814,杭州解百
sh600808,马钢股份
sh600804,ST鹏博士
sh600771,广誉远
sh600766,*ST园城
sh600744,华银电力
sh600726,*ST华源
sh600713,南京医药
sh600712,南宁百货
sh600676,交运股份
sh600674,川投能源
sh600673,东阳光
sh600665,天地源
sh600649,城投控股
sh600602,云赛智联
sh600592,龙溪股份
sh600986,浙文互联
sh600585,海螺水泥
sh600551,时代出版
sh600170,上海建工
sz000793,华闻集团
sh600161,天坛生物
sz000785,居然之家
sz000753,漳州发展
sz000726,鲁 泰Ａ
sz000702,正虹科技
sz000698,沈阳化工
sz000678,襄阳轴承
sz000666,经纬纺机
sz000657,中钨高新
sz000651,格力电器
sz000627,天茂集团
sz000593,德龙汇能
sz000570,苏常柴Ａ
sz000550,江铃汽车
sz000829,天音控股
sz000547,航天发展
sz000503,国新健康
sz000425,徐工机械
sz000421,南京公用
sz000411,英特集团
sz000099,中信海直
sz000088,盐 田 港
sz000063,中兴通讯
sz000045,深纺织Ａ
sz000039,中集集团
sz000014,沙河股份
sz000001,平安银行
sh600992,贵绳股份
sh600641,万业企业
sz000507,珠海港
sz000835,长动退
sz000878,云南铜业
sz000893,亚钾国际
sh600152,维科技术
sh600151,航天机电
sh600128,弘业股份
sh600122,ST宏图
sh600115,中国东航
sh600105,永鼎股份
sh600085,同仁堂
sh600077,宋都股份
sh600072,中船科技
sh600070,浙江富润
sh600058,五矿发展
sh600053,九鼎投资
sh600031,三一重工
sh600027,华电国际
sh600011,华能国际
sh600010,包钢股份
sz002049,紫光国微
sz002046,国机精工
sz002034,旺能环境
sz002017,东信和平
sz002004,华邦健康
sz001872,招商港口
sz000995,*ST皇台
sz000976,华铁股份
sz000966,长源电力
sz000963,华东医药
sz000960,锡业股份
sz000911,南宁糖业
sz000895,双汇发展
sh600168,武汉控股
sh600615,*ST丰华
sh600621,华鑫股份
sz002027,分众传媒
sh600679,上海凤凰
sh600657,信达地产
sh600655,豫园股份
sh600652,*ST游久
sh600620,天宸股份
sh600617,国新能源
sh600579,克劳斯
sh600566,济川药业
sh600562,国睿科技
sh600547,山东黄金
sh600528,中铁工业
sh600525,长园集团
sh600520,文一科技
sh600510,黑牡丹
sh600508,上海能源
sh600482,中国动力
sh600462,ST九有
sh600460,士兰微
sh600455,博通股份
sh600449,宁夏建材
sh600446,金证股份
sh600405,动力源
sh600381,青海春天
sh600688,上海石化
sh600690,海尔智家
sh600727,鲁北化工
sh600737,中粮糖业
sz002011,盾安环境
sz002030,达安基因
sz002023,海特高新
sh600985,淮北矿业
sh600884,杉杉股份
sh600881,亚泰集团
sh600865,百大集团
sh600860,京城股份
sh600857,宁波中百
sh600853,龙建股份
sh600826,兰生股份
sh600376,首开股份
sh600824,益民集团
sh600815,厦工股份
sh600802,福建水泥
sh600801,华新水泥
sh600797,浙大网新
sh600775,南京熊猫
sh600760,中航沈飞
sh600758,辽宁能源
sh600745,闻泰科技
sh600742,一汽富维
sh600741,华域汽车
sh600740,山西焦化
sh600819,耀皮玻璃
sh600370,三房巷
sh600807,济南高新
sh600351,亚宝药业
sz000530,冰山冷热
sz000521,长虹美菱
sz000416,民生控股
sz000157,中联重科
sz000153,丰原药业
sz000046,泛海控股
sz000036,华联控股
sz000034,神州数码
sz000016,深康佳Ａ
sh600112,*ST天成
sh600109,国金证券
sz000543,皖能电力
sh600104,上汽集团
sh600081,东风科技
sh600080,金花股份
sh600078,*ST澄星
sh600056,中国医药
sh600036,招商银行
sh600033,福建高速
sh600030,中信证券
sh600016,民生银行
sh600008,首创环保
sz002032,苏 泊 尔
sh600354,敦煌种业
sh600091,*ST明科
sz000551,创元科技
sh600067,冠城大通
sz000599,青岛双星
sh600337,美克家居
sz000558,莱茵体育
sh600319,亚星化学
sh600308,华泰股份
sh600307,酒钢宏兴
sh600303,ST曙光
sh600293,三峡新材
sh600292,远达环保
sh600288,大恒科技
sh600284,浦东建设
sh600283,钱江水利
sh600235,民丰特纸
sh600299,安迪苏
sh600176,中国巨石
sh600230,沧州大化
sz000738,航发控制
sz000908,景峰医药
sz000965,天保基建
sh600146,*ST环球
sz002006,精功科技
sh600150,中国船舶
sh600162,香江控股
sh600167,联美控股
sh600149,廊坊发展
sz000757,浩物股份
sh600577,精达股份
sh600600,青岛啤酒
sh600571,信雅达
sh600582,天地科技
sh600569,安阳钢铁
sh600586,金晶科技
sh600587,新华医疗
sh600629,华建集团
sh600609,金杯汽车
sh600616,金枫酒业
sh600622,光大嘉宝
sh600635,大众公用
sh600638,新黄浦
sh600556,天下秀
sh600639,浦东金桥
sh600654,*ST中安
sh600605,汇通能源
sh600552,凯盛科技
sh600410,华胜天成
sh600526,菲达环保
sh600332,白云山
sh600667,太极实业
sh600359,新农开发
sh600369,西南证券
sh600378,昊华科技
sh600383,金地集团
sh600385,*ST金泰
sh600387,ST海越
sh600415,小商品城
sh600429,三元股份
sh600466,蓝光发展
sh600483,福能股份
sh600488,XD天药股
sh600491,龙元建设
sh600509,天富能源
sh600515,*ST基础
sh600518,*ST康美
sh600548,深高速
sh600696,岩石股份
sh600847,万里股份
sh600704,物产中大
sh600837,海通证券
sh600839,四川长虹
sh600843,上工申贝
sh600851,海欣股份
sh600855,航天长峰
sh600863,内蒙华电
sh600871,石化油服
sh600836,上海易连
sh600874,创业环保
sh600879,航天电子
sh600893,航发动力
sh600894,广日股份
sh600962,国投中鲁
sh600969,郴电国际
sh600980,北矿科技
sh600329,中新药业
sh600876,洛阳玻璃
sh600827,百联股份
sh600820,隧道股份
sh600803,新奥股份
sh600711,盛屯矿业
sh600716,凤凰股份
sh600718,东软集团
sh600731,湖南海利
sh600733,北汽蓝谷
sh600748,上实发展
sh600754,锦江酒店
sh600755,厦门国贸
sh600756,浪潮软件
sh600757,长江传媒
sh600761,安徽合力
sh600767,*ST运盛
sh600770,综艺股份
sh600773,西藏城投
sh600777,新潮能源
sh600778,友好集团
sh600787,中储股份
sh600703,三安光电
sh600325,华发股份
sh600361,华联综超
sh600310,桂东电力
sz000737,北方铜业
sz000800,一汽解放
sz000813,德展健康
sz000825,太钢不锈
sz000848,承德露露
sz000876,新 希 望
sz000880,潍柴重机
sz000885,城发环境
sz000901,航天科技
sz000910,大亚圣象
sz000925,众合科技
sz000932,华菱钢铁
sz000935,四川双马
sz000948,南天信息
sz000957,中通客车
sz001267,汇绿生态
sz002005,ST德豪
sz000736,中交地产
sz000725,京东方Ａ
sz000719,中原传媒
sz000718,苏宁环球
sz000007,*ST全新
sh600323,瀚蓝环境
sz000005,ST星源
sz000042,中洲控股
sz000100,TCL科技
sz000400,许继电气
sz000505,京粮控股
sz000540,中天金融
sz002008,大族激光
sz000548,湖南投资
sz000585,东电退
sz000619,海螺新材
sz000631,顺发恒业
sz000637,茂化实华
sz000687,*ST华讯
sz000707,双环科技
sz000712,锦龙股份
sz000716,黑芝麻
sz000552,靖远煤电
sz002009,天奇股份
sz000672,上峰水泥
sz002015,协鑫能科
sh600187,国中水务
sh600193,创兴资源
sh600200,江苏吴中
sh600202,哈空调
sh600203,福日电子
sh600213,亚星客车
sh600215,派斯林
sh600233,圆通速递
sh600252,中恒集团
sh600266,城建发展
sh600280,中央商场
sh600290,ST华仪
sz000004,ST国华
sh600295,鄂尔多斯
sz002013,中航机电
sh600302,标准股份
sh600309,万华化学
sh600186,莲花健康
sh600185,格力地产
sh600255,鑫科材料
sh600177,雅戈尔
sz002025,航天电器
sz002028,思源电气
sz002035,华帝股份
sh600182,S*ST佳通
sz002045,国光电器
sh600022,山东钢铁
sh600028,中国石化
sh600029,南方航空
sh600050,中国联通
sz002044,美年健康
sh600055,万东医疗
sh600054,黄山旅游
sh600062,华润双鹤
sh600082,海泰发展
sh600089,特变电工
sh600169,太原重工
sh600107,美尔雅
sh600108,亚盛集团
sh600098,广州发展
sh600093,*ST易见
sh600094,大名城
sh600101,明星电力
sh600116,三峡水利
sh600090,*ST济堂
sh600119,长江投资
sh600129,太极集团
sh600136,ST明诚
sh600139,*ST西源
sh600103,青山纸业
sh600088,中视传媒
sh600057,厦门象屿
sh600075,新疆天业
sh600052,东望时代
sh600039,四川路桥
sh600019,宝钢股份
sh600009,上海机场
sh600007,中国国贸
sh600000,浦发银行
sz002047,宝鹰股份
sz002041,登海种业
sz002024,ST易购
sz002010,传化智联
,
sh600084,*ST中葡
sh600153,建发股份
sh600242,*ST中昌
sh600156,华升股份
sz002003,伟星股份
sh600297,广汇汽车
sh600289,ST信通
sh600287,江苏舜天
sh600279,重庆港
sh600272,开开实业
sh600268,国电南自
sh600259,广晟有色
sh600257,大湖股份
sh600248,陕西建工
sh600239,*ST云城
sh600238,海南椰岛
sh600155,华创阳安
sh600234,科新发展
sh600223,鲁商发展
sh600221,*ST海航
sh600206,有研新材
sh600198,大唐电信
sh600197,伊力特
sh600196,复星医药
sh600195,中牧股份
sh600189,泉阳泉
sh600179,安通控股
sh600171,上海贝岭
sh600166,福田汽车
sh600158,中体产业
sh600225,天津松江
sz002002,鸿达兴业
sz000506,中润资源
sz000981,*ST银亿
sz000566,海南海药
sz000561,烽火电子
sz000554,泰山石油
sz000539,粤电力Ａ
sz000533,顺钠股份
sz000529,广弘控股
sz000517,荣安地产
sz000423,东阿阿胶
sz000415,渤海租赁
sz000409,云鼎科技
sz000408,藏格矿业
sz000403,派林生物
sz000590,启迪药业
sz000158,常山北明
sz000062,深圳华强
sz000058,深 赛 格
sz000056,皇庭国际
sz000040,东旭蓝天
sz000038,*ST大通
sz000035,中国天楹
sz000027,深圳能源
sz000017,深中华A
sz000012,南 玻Ａ
sz000010,美丽生态
sz000009,中国宝安
sh600315,上海家化
sz000156,华数传媒
sz000999,华润三九
sz000622,恒立实业
sz000632,三木集团
sz000973,佛塑科技
sz000958,东方能源
sz000927,中国铁物
sz000917,电广传媒
sz000892,欢瑞世纪
sz000882,华联股份
sz000863,三湘印象
sz000862,银星能源
sz000852,石化机械
sz000839,ST国安
sz000820,*ST节能
sz000819,岳阳兴长
sz000625,长安汽车
sz000806,*ST银河
sz000752,*ST西发
sz000731,四川美丰
sz000729,燕京啤酒
sz000728,国元证券
sz000711,京蓝科技
sz000668,荣丰控股
sz000665,湖北广电
sz000656,金科股份
sz000655,金岭矿业
sz000650,仁和药业
sz000638,*ST万方
sz000633,合金投资
sz000783,长江证券
sh600333,长春燃气
sh600345,长江通信
sh600340,华夏幸福
sh600798,宁波海运
sh600792,云煤能源
sh600784,鲁银投资
sh600780,通宝能源
sh600779,水井坊
sh600776,东方通信
sh600759,ST洲际
sh600811,东方集团
sh600751,海航科技
sh600739,辽宁成大
sh600734,*ST实达
sh600729,重庆百货
sh600728,佳都科技
sh600722,金牛化工
sh600721,百花村
sh600715,文投控股
sh600743,华远地产
sh600816,ST安信
sh600818,中路股份
sh600821,金开新能
sh600338,西藏珠峰
sh601607,上海医药
sh600988,赤峰黄金
sh600963,岳阳林纸
sh600896,*ST海医
sh600895,张江高科
sh600885,宏发股份
sh600868,梅雁吉祥
sh600866,星湖科技
sh600862,中航高科
sh600848,上海临港
sh600844,丹化科技
sh600838,上海九百
sh600835,上海机电
sh600830,香溢融通
sh600828,茂业商业
sh600825,新华传媒
sh600706,曲江文旅
sh600698,湖南天雁
sh600408,安泰集团
sh600681,百川能源
sh600536,中国软件
sh600530,交大昂立
sh600343,航天动力
sh600505,西昌电力
sh600499,科达制造
sh600481,双良节能
sh600470,六国化工
sh600555,*ST海创
sh600435,北方导航
sh600422,昆药集团
sh600419,天润乳业
sh600395,盘江股份
sh600377,宁沪高速
sh600360,华微电子
sh600356,恒丰纸业
sh600353,旭光电子
sh600433,冠豪高新
sh600580,卧龙电驱
sh600527,江南高纤
sh600596,新安股份
sh600664,哈药股份
sh600661,昂立教育
sh600658,电子城
sh600588,XD用友网
sh600651,飞乐音响
sh600645,中源协和
sh600644,乐山电力
sh600643,爱建集团
sh600653,申华控股
sh600637,东方明珠
sh600640,新国脉
sh600597,光明乳业
sh600599,ST熊猫
sh600695,*ST绿庭
sh600610,中毅达
sh600624,复旦复华
sh600633,浙数文化
sh600603,广汇物流
sh601878,浙商证券
sh601696,中银证券
sz000688,国城矿业
sh601128,常熟银行
sz000592,平潭发展
sh603323,苏农银行
sz000732,ST泰禾
sz000413,东旭光电
sz002059,云南旅游
sh601168,西部矿业
sz002797,第一创业
sz002939,长城证券
sh600999,招商证券
sz002056,横店东磁
sz002057,中钢天源
sz300150,世纪瑞尔
sz002060,粤 水 电
sz002053,云南能投
sh600048,保利发展
sz002061,浙江交科
sz002052,*ST同洲
sz002062,宏润建设
sz002058,*ST威尔
sz002067,景兴纸业
sz002055,得润电子
sz002054,德美化工
sz002064,华峰化学
sz002063,远光软件
sz000563,陕国投Ａ
sz000166,申万宏源
sz002065,东华软件
sz002066,瑞泰科技
sz002068,黑猫股份
sz002051,中工国际
sh601699,潞安环能
sz000921,海信家电
sh601988,中国银行
sh601006,大秦铁路
sz002069,ST獐子岛
sz300271,华宇软件
sh601111,中国国航
sh600800,渤海化学
sh601001,晋控煤业
sh601916,浙商银行
sz002072,*ST凯瑞
sh601588,北辰实业
sz002073,软控股份
sh600017,日照港
sz002074,国轩高科
sh600018,上港集团
sz002075,沙钢股份
sz002076,*ST雪莱
sh601398,工商银行
sz002078,太阳纸业
sz002079,苏州固锝
sz002077,大港股份
sz002080,中材科技
sz002082,万邦德
sz002081,金 螳 螂
sh601666,平煤股份
sz002083,孚日股份
sz002084,海鸥住工
sz002085,万丰奥威
sz002086,ST东洋
sh601158,重庆水务
sz002087,新野纺织
sz002088,鲁阳节能
sz002089,ST新海
sh601872,招商轮船
sz002090,金智科技
sz002091,江苏国泰
sz002092,中泰化学
sz002093,国脉科技
sz002095,生 意 宝
sz002094,青岛金王
sh601991,大唐发电
sz002098,浔兴股份
sz002096,南岭民爆
sz002097,山河智能
sz002100,天康生物
sz002099,海翔药业
sh601229,上海银行
sh601333,广深铁路
sz002101,广东鸿图
sz002102,ST冠福
sz002103,广博股份
sz002104,恒宝股份
sh601628,中国人寿
sz002105,信隆健康
sz002106,莱宝高科
sh601600,中国铝业
sz002107,沃华医药
sh601002,晋亿实业
sz002108,沧州明珠
sz002110,三钢闽光
sz002109,兴化股份
sh601162,天风证券
sz002111,威海广泰
sz002279,久其软件
sh601166,兴业银行
sz002113,ST天润
sz002112,三变科技
sz300803,指南针
sz002463,沪电股份
sz002115,三维通信
sz002114,罗平锌电
sh601003,柳钢股份
sz002116,中国海诚
sh601005,重庆钢铁
sz002117,东港股份
sz002118,紫鑫药业
sz002119,康强电子
sh601318,中国平安
sz002120,韵达股份
sz002121,科陆电子
sz300318,博晖创新
sz002123,梦网科技
sz002122,ST天马
sz002125,湘潭电化
sz002124,天邦股份
sh601007,金陵饭店
sh603927,中科软
sh601336,新华保险
sh601118,海南橡胶
sz002126,银轮股份
sz002129,中环股份
sz002128,电投能源
sz002127,南极电商
sz002130,沃尔核材
sz000338,潍柴动力
sh601008,连云港
sh601998,中信银行
sz300016,北陆药业
sz002131,利欧股份
sz002132,恒星科技
sz002133,广宇集团
sh601186,中国铁建
sh601328,交通银行
sz002134,天津普林
sz002135,东南网架
sh600025,华能水电
sz002136,安 纳 达
sz002137,实益达
sz002138,顺络电子
sh601919,中远海控
sz002139,拓邦股份
sh601825,沪农商行
sh601108,财通证券
sz002594,比亚迪
sz002371,北方华创
sz002140,东华科技
sh600928,西安银行
sh601577,长沙银行
sz002142,宁波银行
sh601009,南京银行
sz002141,贤丰控股
sz002144,宏达高科
sz002145,中核钛白
sz002147,*ST新光
sz002146,荣盛发展
sz002150,通润装备
sz002149,西部材料
sz002148,北纬科技
sz002153,石基信息
sz002151,北斗星通
sz002152,广电运通
sz002155,湖南黄金
sz002154,报 喜 鸟
sz002156,通富微电
sz002159,三特索道
sz002157,正邦科技
sz002158,汉钟精机
sz002160,常铝股份
sz002161,远 望 谷
sz002360,同德化工
sz002163,海南发展
sz002162,悦心健康
sz002164,宁波东力
sz002281,光迅科技
sz002165,红 宝 丽
sz002166,莱茵生物
sz002329,皇氏集团
sz002167,东方锆业
sz002295,精艺股份
sz002170,芭田股份
sz002169,智光电气
sz002168,惠程科技
sz002171,楚江新材
sz002172,澳洋健康
sh601169,北京银行
sz002839,张家港行
sz002288,超华科技
sz002174,游族网络
sz002173,创新医疗
sh601939,建设银行
sh601808,中海油服
sz300477,合纵科技
sz002175,东方网络
sz002176,江特电机
sh601088,中国神华
sz002304,洋河股份
sz002544,杰赛科技
sz002179,中航光电
sz002178,延华智能
sz002177,*ST御银
sz002180,纳思达
sh601857,中国石油
sz002182,云海金属
sz002183,怡 亚 通
sz002184,海得控制
sz002185,华天科技
sz002186,全 聚 德
sz300213,佳讯飞鸿
sz002187,广百股份
sz002188,*ST巴士
sz002190,成飞集成
sh601390,中国中铁
sz002189,中光学
sz002407,多氟多
sz002192,融捷股份
sz002191,劲嘉股份
sz002193,如意集团
sz002194,武汉凡谷
sh601866,中远海发
sz002196,方正电机
sz002195,二三四五
sz002197,证通电子
sz002198,嘉应制药
sh601918,新集能源
sz002200,ST云投
sz002199,东晶电子
sz002201,正威新材
sz002202,金风科技
sh601139,深圳燃气
sh601999,出版传媒
sh601601,中国太保
sh601238,广汽集团
sz300024,机器人
sz002391,长青股份
sz002397,梦洁股份
sz002203,海亮股份
sz002204,大连重工
sh601899,紫金矿业
sh601099,太平洋
sz002205,国统股份
sz002206,海 利 得
sz002207,准油股份
sz002208,合肥城建
sz002209,达 意 隆
sz002210,飞马国际
sz002212,天融信
sz002213,大为股份
sz002211,ST宏达
sz002215,诺 普 信
sz002214,大立科技
sh601898,中煤能源
sz002217,合力泰
sz002216,三全食品
sz002218,拓日新能
sz002219,*ST恒康
sh601107,四川成渝
sz002221,东华能源
sz002222,福晶科技
sh601958,金钼股份
sz002223,鱼跃医疗
sz002224,三 力 士
sz002225,濮耐股份
sh601126,四方股份
sz002448,中原内配
sz002467,二六三
sz002226,江南化工
sz002228,合兴包装
sz002229,鸿博股份
sz002227,奥 特 迅
sz000333,美的集团
sh601800,中国交建
sz002230,科大讯飞
sz002232,启明信息
sz002231,奥维通信
sh601665,齐鲁银行
sh600958,东方证券
sh601399,国机重装
sz002419,天虹股份
sh601818,光大银行
sh601456,国联证券
sz002233,塔牌集团
sz002926,华西证券
sz002234,民和股份
sz002235,安妮股份
sz002236,大华股份
sz002237,恒邦股份
sh601990,南京证券
sz002736,国信证券
sh600918,中泰证券
sh601995,中金公司
sz002239,奥特佳
sz002238,天威视讯
sz002945,华林证券
sh600909,华安证券
sh601211,国泰君安
sz002240,盛新锂能
sz002241,歌尔股份
sz002243,力合科创
sz002242,九阳股份
sz002244,滨江集团
sz002245,蔚蓝锂芯
sz002246,北化股份
sz002247,聚力文化
sz002500,山西证券
sh601688,华泰证券
sh601901,方正证券
sh601555,东吴证券
sz002673,西部证券
sh601377,兴业证券
sh601288,农业银行
sz002248,华东数控
sz002251,步 步 高
sz002250,联化科技
sz002249,大洋电机
sz002253,川大智胜
sz002252,上海莱士
sh601668,中国建筑
sz002256,兆新股份
sz002254,泰和新材
sz002255,海陆重工
sz002446,盛路通信
sz002258,利尔化学
sz002275,桂林三金
sz002490,山东墨龙
sz002396,星网锐捷
sz002260,德奥退
sz002966,苏州银行
sz002259,ST升达
sh600908,无锡银行
sz002464,*ST众应
sz002276,万马股份
sz002807,江阴银行
sz002362,汉王科技
sz002283,天润工业
sz002284,亚太股份
sz002282,博深股份
sz002262,恩华药业
sz002261,拓维信息
sz002263,大东南
sh601633,长城汽车
sz300002,神州泰岳
sz002438,江苏神通
sz002277,友阿股份
sz002264,新 华 都
sz002265,西仪股份
sz002266,浙富控股
sh601788,光大证券
sz002278,神开股份
sz002599,盛通股份
sz002268,卫 士 通
sz002267,陕天然气
sz002461,珠江啤酒
sz002280,联络互动
sh601766,中国中车
sh601728,中国电信
sz002285,世联行
sz002269,美邦服饰
sz002287,奇正藏药
sz002286,保龄宝
sz002289,宇顺电子
sz002290,禾盛新材
sz300370,*ST安控
sz002270,华明装备
sz002296,辉煌科技
sz002271,东方雨虹
sh600919,江苏银行
sz002291,星期六
sz002300,太阳电缆
sz002292,奥飞娱乐
sz002273,水晶光电
sz002272,川润股份
sz002293,罗莱生活
sz002294,信立泰
sz002274,华昌化工
sz002297,博云新材
sz002529,海源复材
sz002683,广东宏大
sz002504,ST弘高
sz300077,国民技术
sh601727,上海电气
sh601198,东兴证券
sh600926,杭州银行
sz300445,康斯特
sz300353,东土科技
sz300444,双杰电气
sh601963,重庆银行
sh600901,江苏租赁
sh601992,金隅集团
sh601200,上海环境
sh601066,中信建投
sh601880,辽港股份
sz002506,协鑫集成
sz002489,浙江永强
sz002365,永安药业
sz002523,天桥起重
sz002313,*ST日海
sh601618,中国中冶
sz002298,中电兴发
sz002474,榕基软件
sh601888,中国中免
sh601179,中国西电
sz002436,兴森科技
sz300001,特锐德
sz300007,汉威科技
sz300008,天海防务
sz300009,安科生物
sz300010,豆神教育
sz002299,圣农发展
sz300003,乐普医疗
sz300004,南风股份
sz300005,探路者
sz300006,莱美药业
sz300071,*ST嘉信
sz002301,齐心集团
sz300018,中元股份
sz300017,网宿科技
sz300015,爱尔眼科
sz300014,亿纬锂能
sz300012,华测检测
sz300011,鼎汉技术
sz300019,硅宝科技
sz300013,新宁物流
sz300027,华谊兄弟
sz300023,*ST宝德
sz300022,吉峰科技
sz300021,大禹节水
sz300026,红日药业
sz300025,华星创业
sz300020,银江技术
sz002303,美盈森
sz002302,西部建设
sz002305,南国置业
sz002561,徐家汇
sz002306,中科云网
sz002307,北新路桥
sz002538,司尔特
sz300139,晓程科技
sh600939,重庆建工
sz002381,双箭股份
sz002308,威创股份
sz002309,中利集团
sh601678,滨化股份
sz002310,东方园林
sz002591,恒大高新
sz002311,海大集团
sh601881,中国银河
sz002312,川发龙蟒
sz002314,南山控股
sz300247,融捷健康
sz002549,凯美特气
sz002315,焦点科技
sz002316,*ST亚联
sz002455,百川股份
sz002375,亚厦股份
sz002319,乐通股份
sz002318,久立特材
sz002317,众生药业
sz002370,亚太药业
sh601989,中国重工
sz002369,卓翼科技
sz002364,中恒电气
sz002321,*ST华英
sz002320,海峡股份
sh601058,赛轮轮胎
sz002367,康力电梯
sz002366,*ST海核
sz002361,神剑股份
sz002322,理工能科
sz002323,*ST雅博
sz002324,普利特
sz002374,中锐股份
sz002326,永太科技
sz002325,洪涛股份
sz002368,太极股份
sz002380,科远智慧
sz002372,伟星新材
sz002373,千方科技
sz002566,益盛药业
sz300030,阳普医疗
sz300036,超图软件
sz300035,中科电气
sz300033,同花顺
sz300031,宝通科技
sz300032,金龙机电
sz300034,钢研高纳
sz300029,*ST天龙
sz002328,新朋股份
sz002376,新北洋
sz002327,富安娜
sz002378,章源钨业
sz002379,宏创控股
sz002363,隆基机械
sz002383,合众思壮
sz002330,得利斯
sz002331,皖通科技
sz300041,回天新材
sz300037,新宙邦
sz300040,九洲集团
sz300038,*ST数知
sz300042,朗科科技
sz300039,上海凯宝
sz002421,达实智能
sz002382,蓝帆医疗
sz300277,海联讯
sz002630,华西能源
sz002333,罗普斯金
sz002332,仙琚制药
sh601117,中国化学
sz002392,北京利尔
sz300264,佳创视讯
sz002377,国创高新
sz002385,大北农
sz002386,天原股份
sz002384,东山精密
sz002334,英威腾
sz002336,人人乐
sz002335,科华数据
sh601077,渝农商行
sz002393,力生制药
sz002394,联发股份
sz300055,万邦达
sz002388,新亚制程
sz002338,奥普光电
sh601801,皖新传媒
sz002337,赛象科技
sz300048,合康新能
sz300046,台基股份
sz300043,星辉娱乐
sz300044,*ST赛为
sz300047,天源迪科
sz300050,世纪鼎利
sz300049,福瑞股份
sz300045,华力创通
sz002339,积成电子
sz002340,格林美
sh601877,正泰电器
sz002341,新纶新材
sz002387,维信诺
sz002395,双象股份
sz002389,航天彩虹
sz002344,海宁皮城
sz002343,慈文传媒
sz002342,巨力索具
sz002398,垒知集团
sz002390,信邦制药
sz002346,柘中股份
sz002345,潮宏基
sz002347,泰尔股份
sz002410,广联达
sz002399,海普瑞
sz002408,齐翔腾达
sz002349,精华制药
sz002350,北京科锐
sz002348,高乐股份
sz002400,省广集团
sz002401,中远海科
sz002404,嘉欣丝绸
sz002353,杰瑞股份
sz002352,顺丰控股
sz002351,漫步者
sz002406,远东传动
sz002402,和而泰
sz002403,爱仕达
sz002409,雅克科技
sz002405,四维图新
sz002354,天娱数科
sz002355,兴民智通
sz002356,*ST赫美
sz002411,延安必康
sh601010,文峰股份
sz002412,汉森制药
sz002357,富临运业
sh601106,中国一重
sz002358,ST森源
sz002414,高德红外
sz002413,雷科防务
sz002415,海康威视
sz002416,爱施德
sz300051,ST三五
sz300052,中青宝
sz300053,欧比特
sz300054,鼎龙股份
sz300057,万顺新材
sz300056,中创环保
sz300058,蓝色光标
sh601101,昊华能源
sh601018,宁波港
sh601518,吉林高速
sh601188,龙江交通
sz300117,嘉寓股份
sz002573,清新环境
sz300061,旗天科技
sz300062,中能电气
sz002808,恒久科技
sz300059,东方财富
sz002644,佛慈制药
sh601187,厦门银行
sz300066,三川智慧
sz300065,海兰信
sz300064,*ST金刚
sz300063,天龙集团
sz002622,融钰集团
sz002613,北玻股份
sh603002,宏昌电子
sh601012,隆基股份
sz300235,方直科技
sz300238,冠昊生物
sz300068,南都电源
sz300070,碧水源
sz300069,金利华电
sz300067,安诺其
sh601369,陕鼓动力
sz300072,三聚环保
sz300075,数字政通
sz300074,华平股份
sz300073,当升科技
sz300272,开能健康
sz300076,GQY视讯
sz300078,思创医惠
sz300079,数码视讯
sz300253,卫宁健康
sz300080,易成新能
sz300081,恒信东方
sz300082,奥克股份
sz300083,创世纪
sz300084,海默科技
sh601669,中国电建
sh600906,财达证券
sz300087,荃银高科
sz300088,长信科技
sz300086,康芝药业
sz300085,银之杰
sz300321,同大股份
sz002417,*ST深南
sz002420,毅昌科技
sz002418,康盛股份
sz300245,天玑科技
sz002423,中粮资本
sz002424,贵州百灵
sz002422,科伦药业
sz002663,普邦股份
sz002427,*ST尤夫
sz002428,云南锗业
sz002426,胜利精密
sz002425,凯撒文化
sz002430,杭氧股份
sz002429,兆驰股份
sz002431,棕榈股份
sz002432,九安医疗
sz002435,长江健康
sz002433,太安堂
sz002434,万里扬
sz002439,启明星辰
sz002437,誉衡药业
sz300089,*ST文化
sz300091,金通灵
sh601000,唐山港
sz002441,众业达
sz002443,金洲管道
sz002440,闰土股份
sz002442,龙星化工
sz300305,裕兴股份
sz300092,科新机电
sz300094,国联水产
sz300093,金刚玻璃
sh603003,龙宇燃油
sz002444,巨星科技
sz002445,中南文化
sz002447,*ST晨鑫
sz002449,国星光电
sz002453,华软科技
sz002451,摩恩电气
sz002452,长高电新
sz002454,松芝股份
sz300095,华伍股份
sz300096,易联众
sz300097,智云股份
sz300098,高新兴
sz002595,豪迈科技
sz002569,ST步森
sz002614,奥佳华
sz002472,双环传动
sh601717,郑煤机
sz002457,青龙管业
sz002456,欧菲光
sz300101,振芯科技
sz300100,双林股份
sz300099,精准信息
sz002460,赣锋锂业
sz002459,晶澳科技
sz002458,益生股份
sz300103,达刚控股
sh601718,际华集团
sz300102,乾照光电
sz002462,嘉事堂
sz300846,首都在线
sz300107,建新股份
sz300105,龙源技术
sz300106,西部牧业
sz300108,吉药控股
sz300109,新开源
sz300110,华仁药业
sz300113,顺网科技
sz300111,向日葵
sz300112,万讯自控
sz300114,中航电测
sz002615,哈尔斯
sz002465,海格通信
sz002466,天齐锂业
sh603569,长久物流
sz300118,东方日升
sz300115,长盈精密
sz300116,保力新
sh600998,九州通
sz002468,申通快递
sz002470,ST金正
sz002469,三维化学
sh601028,玉龙股份
sz002473,*ST圣莱
sz002471,中超控股
sz300329,海伦钢琴
sz002475,立讯精密
sz002476,宝莫股份
sh601996,丰林集团
sh688187,时代电气
sz300119,瑞普生物
sz300121,阳谷华泰
sz300120,经纬辉开
sz002479,富春环保
sz002478,常宝股份
sz002481,双塔食品
sz002480,新筑股份
sz002643,万润股份
sz300122,智飞生物
sz300123,亚光科技
sz300124,汇川技术
sz002483,润邦股份
sz002484,江海股份
sz002482,广田集团
sz300126,锐奇股份
sz300127,银河磁体
sz300128,锦富技术
sz300125,聆达股份
sh601177,杭齿前进
sz002485,*ST雪发
sz002486,嘉麟杰
sz002487,大金重工
sz300129,泰胜风能
sz300130,新国都
sz300131,英唐智控
sz002491,通鼎互联
sz002488,金固股份
sz300331,苏大维格
sz300154,瑞凌股份
sz300135,宝利国际
sz300134,大富科技
sz300133,华策影视
sz300132,青松股份
sz300325,*ST德威
sh601098,中南传媒
sz002514,宝馨科技
sz002513,蓝丰生化
sz002493,荣盛石化
sz002494,华斯股份
sz002495,佳隆股份
sz002492,恒基达鑫
sz002515,金字火腿
sz300136,信维通信
sz300137,先河环保
sz300138,晨光生物
sz002512,达华智能
sz002497,雅化集团
sz002498,汉缆股份
sz002499,*ST科林
sz002496,ST辉丰
sh603167,渤海轮渡
sz002996,顺博合金
sz300142,沃森生物
sz300141,和顺电气
sz300140,中环装备
sz002501,*ST利源
sz002502,鼎龙文化
sz002503,搜于特
sz002505,鹏都农牧
sz002743,富煌钢构
sz002547,春兴精工
sz002606,大连电瓷
sz002508,老板电器
sz002507,涪陵榨菜
sz002510,天汽模
sz002511,中顺洁柔
sh601777,力帆科技
sh601908,京运通
sh600941,中国移动
sz002702,海欣食品
sz002567,唐人神
sz300223,北京君正
sz300191,潜能恒信
sz002609,捷顺科技
sz002557,洽洽食品
sz002519,银河电子
sz002518,科士达
sz002517,恺英网络
sz002516,旷达科技
sz001227,兰州银行
sz300145,中金环境
sz300144,宋城演艺
sz300143,盈康生命
sz300194,福安药业
sz002521,齐峰新材
sz002520,日发精机
sz002522,浙江众成
sh601933,永辉超市
sz300148,天舟文化
sz300146,汤臣倍健
sz300147,香雪制药
sh600905,三峡能源
sz002526,山东矿机
sz002524,光正眼科
sz002570,贝因美
sz001289,龙源电力
sz300151,昌红科技
sz300149,睿智医药
sz002528,英飞拓
sz002527,新时达
sh601890,亚星锚链
sz300153,科泰电源
sz300152,科融环境
sz300193,佳士科技
sz002532,天山铝业
sz002533,金杯电工
sz002530,金财互联
sz002531,天顺风能
sh688519,南亚新材
sz300203,聚光科技
sz300158,振东制药
sz300157,恒泰艾普
sz300155,安居宝
sz002555,三七互娱
sz300340,科恒股份
sz300159,ST新研
sz300229,拓尔思
sz002559,亚威股份
sz002535,ST林重
sz002534,西子洁能
sz002536,飞龙股份
sz002537,海联金汇
sh601216,君正集团
sh601789,宁波建工
sz300161,华中数控
sz300162,雷曼光电
sz300163,先锋新材
sz300164,通源石油
sz300195,长荣股份
sz300205,天喻信息
sz300220,金运激光
sz300160,秀强股份
sz300196,长海股份
sz300345,华民股份
sh601700,风范股份
sz002541,鸿路钢构
sz002539,云图控股
sz002540,亚太科技
sz300190,维尔利
sz300167,迪威迅
sz300166,东方国信
sh601011,宝泰隆
sz300169,天晟新材
sz300168,万达信息
sz300165,天瑞仪器
sh601258,庞大集团
sz002560,通达股份
sz002543,万和电气
sz002542,中化岩土
sh601137,博威合金
sh601519,大智慧
sz002577,雷柏科技
sz002565,顺灏股份
sz300171,东富龙
sz300170,汉得信息
sz300172,中电环保
sz300173,福能东方
sz300192,科德教育
sz300174,元力股份
sh601799,星宇股份
sh601616,广电电气
sz002546,新联电子
sz002545,东方铁塔
sz300179,四方达
sz300178,*ST腾邦
sz300175,朗源股份
sz300177,中海达
sz300176,派生科技
sz300204,舒泰神
sz002563,森马服饰
sz300214,日科化学
sh601199,江南水务
sz300199,翰宇药业
sz002571,德力股份
sz002548,金新农
sz002550,千红制药
sz300180,华峰超纤
sz300181,佐力药业
sz300182,捷成股份
sz300183,东软载波
sz300184,力源信息
sz002551,尚荣医疗
sz002552,宝鼎科技
sz002553,南方精工
sz002554,惠博普
sz002556,辉隆股份
sh601116,三江购物
sz002558,巨人网络
sz300226,上海钢联
sh688336,三生国健
sh603786,科博达
sh601985,中国核电
sz300187,永清环保
sz300185,通裕重工
sz002562,兄弟科技
sz002564,天沃科技
sz300366,创意信息
sh603328,依顿电子
sz300188,美亚柏科
sz300189,神农科技
sz300282,三盛教育
sh603006,联明股份
sz002568,百润股份
sz300197,节能铁汉
sz300198,纳川股份
sz300201,*ST海伦
sz300200,高盟新材
sz300402,宝色股份
sz002572,索菲亚
sz300225,金力泰
sz300202,*ST 聚龙
sh688223,晶科能源
sz300207,欣旺达
sz300206,理邦仪器
sz002575,*ST群兴
sz002574,明牌珠宝
sz300381,溢多利
sz300209,天泽信息
sz300240,飞力达
sz300208,青岛中程
sz300210,森远股份
sz002578,闽发铝业
sz002576,通达动力
sh603156,养元饮品
sz300212,易华录
sz300211,亿通科技
sz002778,中晟高科
sh600989,宝丰能源
sz300237,美晨生态
sz002580,圣阳股份
sz002579,中京电子
sh601218,吉鑫科技
sh601113,ST华鼎
sz300388,节能国祯
sz300215,电科院
sh601233,桐昆股份
sz002581,未名医药
sz300219,鸿利智汇
sz300218,安利股份
sz300217,东方电热
sh688029,南微医学
sz002582,好想你
sh601208,东材科技
sz300222,科大智能
sz300221,银禧科技
sh601566,九牧王
sh601599,浙文影业
sz002583,海能达
sz300224,正海磁材
sz002586,*ST围海
sh601311,骆驼股份
sz002585,双星新材
sz002584,西陇科学
sz300227,光韵达
sz300228,富瑞特装
sz002589,瑞康医药
sz002587,奥拓电子
sh601567,三星医疗
sz002588,史丹利
sz002590,万安科技
sh601838,成都银行
sh603993,洛阳钼业
sz300231,银信科技
sz300230,永利股份
sh601798,蓝科高新
sz300232,洲明科技
sz300233,金城医药
sz300234,开尔新材
sz002593,日上集团
sz300236,上海新阳
sz002596,海南瑞泽
sz300239,东宝生物
sh688122,西部超导
sz002597,金禾实业
sz002598,山东章鼓
sz300243,瑞丰高材
sz300242,佳云科技
sz300241,瑞丰光电
sz002601,龙佰集团
sz002600,领益智造
sz300244,迪安诊断
sz300246,宝莱特
sz002602,世纪华通
sz300248,新开普
sz002603,以岭药业
sz300251,光线传媒
sz300249,依米康
sz300250,初灵信息
sz300294,博雅生物
sh601375,中原证券
sz002605,姚记科技
sz002607,中公教育
sh601222,林洋能源
sz002745,木林森
sz300252,金信诺
sz002608,江苏国信
sh601636,旗滨集团
sz002610,爱康科技
sh601886,江河集团
sz300255,常山药业
sz300254,仟源医药
sz300256,*ST星星
sz300257,开山股份
sz300259,新天科技
sz300258,精锻科技
sz002611,东方精工
sz002612,朗姿股份
sz300729,乐歌股份
sz300260,新莱应材
sz300593,新雷能
sz300261,雅本化学
sh603686,福龙马
sh603009,北特科技
sz002709,天赐材料
sh601225,陕西煤业
sz300262,巴安水务
sz300263,隆华科技
sz300265,通光线缆
sz002617,露笑科技
sh601677,DR明泰铝
sz002618,*ST丹邦
sz002616,长青集团
sz300498,温氏股份
sh601598,中国外运
sz300266,兴源环境
sz300267,尔康制药
sz300268,佳沃食品
sz002621,美吉姆
sz002620,瑞和股份
sz002946,新乳业
sz002623,亚玛顿
sz300269,ST联建
sz300270,中威电子
sh603001,奥康国际
sh605368,蓝天燃气
sz300293,蓝英装备
sh601319,中国人保
sz002624,完美世界
sz300747,锐科激光
sz300273,*ST和佳
sz002626,金达威
sh601100,恒立液压
sz002627,三峡旅游
sz300274,阳光电源
sz002628,成都路桥
sz300275,梅安森
sz002629,仁智股份
sh600956,新天绿能
sz002625,光启技术
sz300295,三六五网
sz002592,ST八菱
sz002631,德尔未来
sz300276,三丰智能
sh603725,天安新材
sz300629,新劲刚
sz002668,ST奥马
sz002632,道明光学
sz300324,旋极信息
sh603599,广信股份
sz300350,华鹏飞
sz002633,申科股份
sz002664,长鹰信质
sz002635,安洁科技
sz002656,ST摩登
sz300298,三诺生物
sz002637,赞宇科技
sz002636,金安国纪
sz002638,勤上股份
sz002639,雪人股份
sh601368,绿城水务
sh601928,凤凰传媒
sz002667,鞍重股份
sz300483,首华燃气
sz300532,今天国际
sz002634,棒杰股份
sz002640,*ST跨境
sz002662,京威股份
sz002641,公元股份
sz002688,金河生物
sh603729,ST龙韵
sz300297,*ST蓝盾
sz300292,吴通控股
sz300278,*ST华昌
sz002642,荣联科技
sz002645,华宏科技
sz002646,天佑德酒
sz002666,德联集团
sz002647,仁东控股
sz002648,卫星化学
sz300358,楚天科技
sz300307,慈星股份
sz300310,宜通世纪
sz300303,聚飞光电
sz300280,紫天科技
sz300281,金明精机
sh603359,东珠生态
sz300279,和晶科技
sz300309,*ST吉艾
sh601339,百隆东方
sz300301,*ST长方
sz300296,利亚德
sz300304,云意电气
sz002650,加加食品
sz002649,博彦科技
sz002672,东江环保
sh601388,怡球资源
sz002651,利君股份
sz002657,中科金财
sz300326,凯利泰
sz300284,苏交科
sz300283,温州宏丰
sz300755,华致酒行
sz300300,海峡创新
sz002669,康达新材
sz002658,雪迪龙
sz002660,茂硕电源
sz300286,安科瑞
sz300285,国瓷材料
sz002674,兴业科技
sz002661,克明食品
sz002659,凯文教育
sz002653,海思科
sh601360,三六零
sz300314,戴维医疗
sz300320,海达股份
sz002670,国盛金控
sz002652,扬子新材
sz300311,任子行
sz002799,环球印务
sz002675,东诚药业
sh603333,尚纬股份
sz300327,中颖电子
sh601965,中国汽研
sh601615,明阳智能
sh603861,白云电器
sz002676,顺威股份
sz300308,中际旭创
sz002733,雄韬股份
sz002677,浙江美大
sz300330,华虹计通
sz300288,朗玛信息
sz300312,*ST邦讯
sz300287,飞利信
sz300315,掌趣科技
sz300317,珈伟新能
sh601038,一拖股份
sh603000,人民网
sz300834,星辉环材
sz300291,华录百纳
sh601163,三角轮胎
sz002671,龙泉股份
sh603128,华贸物流
sz300988,津荣天宇
sz002654,万润科技
sh601231,环旭电子
sh601515,东风股份
sz300289,利德曼
sz300290,荣科科技
sh601929,吉视传媒
sz002696,百洋股份
sz002655,共达电声
sz002685,华东重机
sz002699,美盛文化
sz002682,龙洲股份
sh603168,莎普爱思
sz300319,麦捷科技
sz300746,汉嘉设计
sz002690,美亚光电
sz002691,冀凯股份
sz002851,麦格米特
sz300339,润和软件
sz300400,劲拓股份
sz300299,富春股份
sz300397,天和防务
sz300887,谱尼测试
sz002701,奥瑞金
sz300337,银邦股份
sz300302,同有科技
sz300344,立方数科
sz002665,首航高科
sz002752,昇兴股份
sh601609,金田铜业
sz300306,远方信息
sz300346,南大光电
sz300343,联创股份
sh603126,中材节能
sz300383,光环新网
sz003039,顺控发展
sh603288,海天味业
sh600977,中国电影
sz300389,艾比森
sz002727,一心堂
sz002792,通宇通讯
sz002723,金莱特
sz002718,友邦吊顶
sz002716,金贵银业
sz002715,登云股份
sz002713,东易日盛
sz300371,汇中股份
sz002746,仙坛股份
sh603555,ST贵人
sz300382,斯莱克
sz002725,跃岭股份
sz002708,光洋股份
sz002916,深南电路
sh603185,上机数控
sz300313,ST天山
sz002706,良信股份
sz002714,牧原股份
sz002722,金轮股份
sh603123,翠微股份
sz300507,苏奥传感
sz001203,大中矿业
sh603699,纽威股份
sz300369,绿盟科技
sz300367,*ST网力
sh603308,应流股份
sz002719,麦趣尔
sh603088,宁波精达
sh603777,来伊份
sh603806,福斯特
sz300316,晶盛机电
sh601969,海南矿业
sh603366,日出东方
sh603688,石英股份
sz002721,金一文化
sz300396,迪瑞医疗
sz300403,汉宇集团
sz300368,汇金股份
sz300357,我武生物
sz300360,炬华科技
sz002843,泰嘉股份
sh688318,财富趋势
sz002707,众信旅游
sz300363,博腾股份
sz300373,扬杰科技
sz002678,珠江钢琴
sz002679,福建金森
sz300323,华灿光电
sz002705,新宝股份
sz002681,奋达科技
sz300322,硕贝德
sh603023,威帝股份
sz002838,道恩股份
sz300391,康跃科技
sz300546,雄帝科技
sh603609,禾丰股份
sz300377,赢时胜
sz301041,金百泽
sz002684,*ST猛狮
sz300820,英杰电气
sz300385,雪浪环境
sz300328,宜安科技
sz300375,鹏翎股份
sz300376,易事特
sz300419,浩丰科技
sh603051,鹿山新材
sz300881,盛德鑫泰
sz002728,特一药业
sz002724,海洋王
sz300332,天壕环境
sz300333,兆日科技
sz002686,亿利达
sz300334,津膜科技
sz300380,安硕信息
sh603005,晶方科技
sz300365,恒华科技
sh601608,中信重工
sz300336,*ST新文
sz300335,迪森股份
sz300399,天利科技
sz300379,东方通
sz300359,全通教育
sh603100,川仪股份
sz002756,永兴材料
sz002687,乔治白
sz002905,金逸影视
sh603008,喜临门
sz300338,ST开元
sz002689,远大智能
sz002712,思美传媒
sz300386,飞天诚信
sz300405,科隆股份
sz300342,天银机电
sz300378,鼎捷软件
sz300387,富邦股份
sh601865,福莱特
sh688789,宏华数科
sz300341,麦克奥迪
sz002773,康弘药业
sh603077,和邦生物
sh603056,德邦股份
sh605208,永茂泰
sz300390,天华超净
sh603111,康尼机电
sh603099,长白山
sh688687,凯因科技
sh603799,华友钴业
sz002831,裕同科技
sz002692,ST远程
sh603766,隆鑫通用
sz002693,双成药业
sz002694,顾地科技
sz300347,泰格医药
sz300348,长亮科技
sz300349,金卡智能
sh600959,江苏有线
sz002695,煌上煌
sh600917,重庆燃气
sz002697,红旗连锁
sh601828,美凯龙
sh603566,普莱柯
sh603399,吉翔股份
sz002815,崇达技术
sz002726,龙大美食
sz002698,博实股份
sz300352,北信源
sh601579,会稽山
sz300351,永贵电器
sz002748,世龙实业
sz300354,东华测试
sh603989,艾华集团
sz300355,蒙草生态
sz002700,ST浩源
sz002782,可立克
sh688199,久日新材
sz300828,锐新科技
sh601326,秦港股份
sh601016,节能风电
sz300356,*ST光一
sh688366,昊海生科
sz002703,浙江世宝
sz001207,联科科技
sh603767,中马传动
sh688819,天能股份
sh688038,中科通达
sh603166,福达股份
sz300567,精测电子
sh688262,国芯科技
sh605099,共创草坪
sh601997,贵阳银行
sz002941,新疆交建
sz002948,青岛银行
sz300505,川金诺
sh601968,宝钢包装
sh600903,贵州燃气
sz002936,郑州银行
sz300895,铜牛信息
sh603299,苏盐井神
sh601228,广州港
sh603225,新凤鸣
sh600023,浙能电力
sz002717,岭南股份
sh603803,瑞斯康达
sz300845,捷安高科
sz300824,北鼎股份
sh603722,阿科力
sh688181,八亿时空
sh688508,芯朋微
sz300632,光莆股份
sh603580,艾艾精工
sz002932,明德生物
sh605589,圣泉集团
sh688080,映翰通
sh605289,罗曼股份
sz300596,利安隆
sz300579,数字认证
sh603979,金诚信
sh603843,正平股份
sh603389,亚振家居
sh603069,海汽集团
sh601595,上海电影
sz300527,中船应急
sz300491,通合科技
sz300476,胜宏科技
sz002802,洪汇新材
sz002801,微光股份
sz002798,帝欧家居
sz002796,世嘉科技
sz300521,爱司凯
sz002757,南兴股份
sz002800,天顺股份
sz300475,香农芯创
sz002770,*ST科迪
sz002779,中坚科技
sz300536,农尚环境
sh603355,莱克电气
sh603701,德宏股份
sh603818,曲美家居
sh603227,雪峰科技
sz002781,*ST奇信
sz300467,迅游科技
sz300452,山河药辅
sz300501,海顺新材
sz300530,*ST达志
sz002761,浙江建投
sz002791,坚朗五金
sz300463,迈克生物
sz300523,辰安科技
sh603696,安记食品
sh603726,朗迪集团
sh603959,百利科技
sz002771,真视通
sh603730,岱美股份
sh603026,石大胜华
sz002776,ST柏龙
sz300441,鲍斯股份
sz300448,浩云科技
sz300511,雪榕生物
sz300513,恒实科技
sh603866,桃李面包
sh603528,多伦科技
sh603101,汇嘉时代
sz002818,富森美
sz002767,先锋电子
sh601868,中国能建
sh603909,合诚股份
sh603703,盛洋科技
sh603999,读者传媒
sh603918,金桥信息
sh603798,康普顿
sh603779,威龙股份
sh603608,天创时尚
sh603520,司太立
sh603031,安德利
sz300552,万集科技
sz300529,健帆生物
sz002780,三夫户外
sh601512,中新集团
sh601882,海天精工
sz300492,华图山鼎
sz300479,神思电子
sz300469,信息发展
sz002755,奥赛康
sz300466,赛摩智能
sh603996,退市中新
sz002783,凯龙股份
sh603816,顾家家居
sh603556,海兴电力
sh603667,五洲新春
sh688101,三达膜
sh603868,飞科电器
sh603919,金徽酒
sz002762,金发拉比
sz002763,汇洁股份
sz002766,索菱股份
sz002769,普路通
sz002775,文科园林
sz300472,新元科技
sz300478,杭州高新
sz300471,厚普股份
sz300486,东杰智能
sh603660,苏州科达
sh603515,欧普照明
sz300480,光力科技
sh603421,鼎信通讯
sh601500,通用股份
sz300806,斯迪克
sz300494,盛天网络
sz300490,华自科技
sz300489,光智科技
sh601811,新华文轩
sh603160,汇顶科技
sh603090,宏盛股份
sz300555,路通视信
sz300432,富临精工
sh603986,兆易创新
sz002760,凤形股份
sh603663,三祥新材
sz300547,川环科技
sz300522,世名科技
sz300496,中科创达
sz300484,蓝海华腾
sz002819,东方中科
sz002788,鹭燕医药
sh603887,城地香江
sz002817,黄山胶囊
sz002821,凯莱英
sz002822,中装建设
sz002832,比音勒芬
sh603189,网达软件
sz002787,华源控股
sz002789,建艺集团
sz002793,罗欣药业
sz002806,华锋股份
sz300535,达威股份
sz002809,红墙股份
sz002811,郑中设计
sz300559,佳发教育
sz300534,陇神戎发
sz300664,鹏鹞环保
sz300462,华铭智能
sz300512,中亚股份
sh603383,顶点软件
sh603718,海利生物
sh601900,南方传媒
sz002795,永和智控
sz002790,瑞尔特
sz300500,启迪设计
sz300517,海波重科
sh600936,广西广电
sz002758,浙农股份
sz002759,天际股份
sh601606,长城军工
sh603159,上海亚虹
sh603690,至纯科技
sh603589,口子窖
sh603977,国泰集团
sh603317,天味食品
sz300519,新光药业
sz300470,中密控股
sh603900,莱绅通灵
sh601366,利群股份
sh601212,白银有色
sh603060,国检集团
sz300453,三鑫医疗
sz300506,名家汇
sz300533,冰川网络
sz300518,盛讯达
sh603367,辰欣药业
sh603616,韩建河山
sh603800,道森股份
sh603825,华扬联众
sh603936,博敏电子
sz002751,*ST易尚
sz002923,润都股份
sz002813,路畅科技
sh601611,中国核建
sz002823,凯中精密
sz300516,久之洋
sz300510,金冠股份
sz003016,欣贺股份
sz301130,西点药业
sh688057,金达莱
sh603929,亚翔集成
sh603508,思维列控
sh603377,东方时尚
sz002820,桂发祥
sh603131,上海沪工
sh603085,天成自控
sz300520,科大国创
sz300485,赛升药业
sz002777,久远银海
sh603958,哈森股份
sh603738,泰晶科技
sh603339,四方科技
sh603266,天龙股份
sh603198,迎驾贡酒
sh601086,国芳集团
sz300528,幸福蓝海
sz300456,赛微电子
sz002803,吉宏股份
sh688360,德马科技
sh603878,武进不锈
sh603859,能科科技
sh603311,金海高科
sz300461,田中精机
sz300572,安车检测
sz300537,广信材料
sz300468,四方精创
sz002856,美芝股份
sz002828,贝肯能源
sh603033,三维股份
sz002772,众兴菌业
sz300473,德尔股份
sz300474,景嘉微
sh603028,赛福天
sh603036,如通股份
sh603838,四通股份
sh603602,纵横通信
sz300497,富祥药业
sz300482,万孚生物
sh603066,音飞储存
sh603987,康德莱
sh603027,千禾味业
sz300586,美联新材
sz300549,优德精密
sz300600,国瑞科技
sz002829,星网宇达
sh603029,天鹅股份
sh603319,湘油泵
sh603444,吉比特
sh603258,电魂网络
sh688179,阿拉丁
sz002812,恩捷股份
sz300499,高澜股份
sz300509,新美星
sz300542,新晨科技
sh603639,海利尔
sh603658,安图生物
sh603822,嘉澳环保
sz300503,昊志机电
sh603007,ST花王
sh688078,龙软科技
sh603369,今世缘
sh603313,梦百合
sz300508,维宏股份
sz300570,太辰光
sz300531,优博讯
sz300525,博思软件
sz002825,纳尔股份
sz300545,联得装备
sz300543,朗科智能
sh603819,神力股份
sz002830,名雕股份
sh603598,引力传媒
sh603300,华铁应急
sz002785,万里石
sz002816,和科达
sh603689,皖天然气
sz002805,丰元股份
sz300665,飞鹿股份
sz301116,益客食品
sh603067,振华股份
sh603858,步长制药
sh603886,元祖股份
sh603682,锦和商业
sh603345,安井食品
sz002835,同为股份
sz300434,金石亚药
sz002810,山东赫达
sz002765,蓝黛科技
sz300539,横河精密
sh603737,三棵树
sh603778,乾景园林
sh603398,沐邦高科
sh603223,恒通股份
sz300502,新易盛
sh603016,新宏泰
sh603628,清源股份
sz300493,润欣科技
sz300938,信测标准
sz300847,中船汉光
sz300631,久吾高科
sh603505,金石资源
sh603416,信捷电气
sh603239,浙江仙通
sh603203,快克股份
sz300561,汇金科技
sz300564,筑博设计
sz300569,天能重工
sh603186,华正新材
sh603098,森特股份
sh601858,中国科传
sh603035,常熟汽饰
sh603633,徕木股份
sz002824,和胜股份
sz002836,新宏泽
sz002842,翔鹭钨业
sz002865,钧达股份
sz300550,和仁科技
sz300553,集智股份
sz300556,丝路视觉
sz300558,贝达药业
sz300560,中富通
sh688196,卓越新能
sh603983,丸美股份
sh603968,醋化股份
sh603888,新华网
sh603716,塞力医疗
sh603708,家家悦
sh603669,灵康药业
sh603559,中通国脉
sz300548,博创科技
sz300551,古鳌科技
sz300541,先进数通
sz300538,同益股份
sz300540,蜀道装备
sz300451,创业慧康
sz300457,赢合科技
sz300459,汤姆猫
sz300487,蓝晓科技
sz300515,三德科技
sz300458,全志科技
sz300481,濮阳惠成
sh603322,超讯通信
sz300413,芒果超媒
sh688588,凌志软件
sz300384,三联虹普
sz300832,新产业
sh688681,科汇股份
sz300838,浙江力诺
sz301062,上海艾录
sh688639,华恒生物
sz300721,怡达股份
sz300582,英飞特
sz300557,理工光科
sh603187,海容冷链
sz300395,菲利华
sz002729,好利科技
sz300392,*ST腾信
sz300393,中来股份
sh603306,华懋科技
sh603043,广州酒家
sh603188,亚邦股份
sz300408,三环集团
sh603336,宏辉果蔬
sh688106,金宏气体
sh601127,小康股份
sh603013,亚普股份
sh603320,迪贝电气
sh603612,索通发展
sz300736,百邦科技
sz300623,捷捷微电
sz002982,湘佳股份
sz002840,华统股份
sh603681,永冠新材
sz300428,立中集团
sh603863,松炀资源
sz300715,凯伦股份
sh603797,联泰环保
sz300563,神宇股份
sh603315,福鞍股份
sz300657,弘信电子
sh603869,新智认知
sz300624,万兴科技
sz002833,弘亚数控
sh688739,成大生物
sh603885,吉祥航空
sz002730,电光科技
sz300398,飞凯材料
sz300401,花园生物
sh603010,万盛股份
sh603018,华设集团
sh603606,东方电缆
sh603169,兰石重装
sz300562,乐心医疗
sz300565,科信技术
sz002845,同兴达
sh603585,苏利股份
sh688300,联瑞新材
sh603578,三星新材
sh605098,行动教育
sz300922,天秦装备
sz300607,拓斯达
sh603456,九洲药业
sz301263,泰恩康
sh603517,绝味食品
sh603577,汇金通
sh603668,天马科技
sh603388,元成股份
sh603298,杭叉集团
sh603966,法兰泰克
sz002741,光华科技
sh603990,麦迪科技
sz300587,天铁股份
sz300839,博汇股份
sz003026,中晶科技
sz300935,盈建科
sh603011,合锻智能
sh601015,陕西黑猫
sz002731,萃华珠宝
sh603988,中电电机
sz300406,九强生物
sh603019,中科曙光
sz300575,中旗股份
sz300769,德方纳米
sh688680,海优新材
sh688579,山大地纬
sh688711,宏微科技
sh688296,和达科技
sz300967,晓鸣股份
sh688067,爱威科技
sz002837,英维克
sz300504,天邑股份
sz300686,智动力
sh603833,欧派家居
sh688800,瑞可达
sh603161,科华控股
sz301127,天源环保
sz300795,米奥会展
sz002742,三圣股份
sz003816,中国广核
sz300566,激智科技
sh605305,中际联合
sh688328,深科达
sh688565,力源科技
sh603600,永艺股份
sz301213,观想科技
sz301118,恒光股份
sz002841,视源股份
sh603928,兴业股份
sh603877,太平鸟
sh603637,镇海股份
sh603618,杭电股份
sh603939,益丰药房
sh603998,方盛制药
sz002732,燕塘乳业
sz002735,王子新材
sz002848,高斯贝尔
sz300407,凯发电气
sz300409,道氏技术
sh603368,柳药股份
sh601226,华电重工
sz002857,三晖电气
sh603518,锦泓集团
sh603218,日月股份
sh603086,先达股份
sh603568,伟明环保
sh603022,新通联
sh603898,好莱客
sh601689,拓普集团
sh603579,荣泰健康
sh603638,艾迪精密
sh603603,*ST博天
sh603823,百合花
sh603228,景旺电子
sz300615,欣天科技
sz002960,青鸟消防
sh603080,新疆火炬
sh601528,瑞丰银行
sz300443,金雷股份
sz300422,博世科
sz300416,苏试试验
sz300426,唐德影视
sh603901,永创智能
sh603177,德创环保
sh603677,奇精机械
sh603538,美诺华
sh601020,ST华钰
sz002858,力盛赛车
sh688377,迪威尔
sz301089,拓新药业
sz301126,达嘉维康
sz301057,汇隆新材
sz300943,春晖智控
sh603309,维力医疗
sh688216,气派科技
sh603037,凯众股份
sh603811,诚意药业
sh603039,ST泛微
sz300682,朗新科技
sz300420,五洋停车
sz300440,运达科技
sz300374,中铁装配
sh603118,共进股份
sh601966,玲珑轮胎
sz002750,龙津药业
sz300425,中建环能
sz002737,葵花药业
sh603636,南威软件
sh603588,高能环境
sh603017,中衡设计
sh601021,春秋航空
sz300412,迦南科技
sz300411,金盾股份
sz300410,正业科技
sz002738,中矿资源
sh603788,宁波高发
sh603889,新澳股份
sz002850,科达利
sz002861,瀛通通讯
sz300606,金太阳
sz300619,金银河
sh603626,科森科技
sh603881,数据港
sh688096,京源环保
sz300436,广生堂
sz300394,天孚通信
sz300427,红相股份
sh603040,新坐标
sz300571,平治信息
sz300578,会畅通讯
sh603303,得邦照明
sz300580,贝斯特
sz300598,诚迈科技
sh603358,华达科技
sh603038,华立股份
sz002867,周大生
sh603318,水发燃气
sh603030,全筑股份
sh603158,腾龙股份
sh603789,星光农机
sz300424,航新科技
sh603808,歌力思
sh603117,ST万林
sh603116,红蜻蜓
sh603613,国联股份
sz300423,昇辉科技
sz300430,诚益通
sz300433,蓝思科技
sz300460,惠伦晶体
sh603165,荣晟环保
sz300488,恒锋工具
sh603268,松发股份
sh603839,安正时尚
sh603360,百傲化学
sz002953,日丰股份
sh603567,珍宝岛
sz300429,强力新材
sh603025,大豪科技
sh688191,智洋创新
sz300438,鹏辉能源
sz300449,汉邦高科
sz002979,雷赛智能
sz300450,先导智能
sz300526,*ST中潜
sh603860,中公高科
sz300446,*ST乐材
sh603108,润达医疗
sz300435,中泰股份
sz300495,*ST美尚
sh603519,立霸股份
sz002734,利民股份
sh603611,诺力股份
sh603678,火炬电子
sh603601,再升科技
sh603558,健盛集团
sh601069,西部黄金
sz300418,昆仑万维
sz300417,南华仪器
sz300415,伊之密
sz300364,中文在线
sz002740,ST爱迪尔
sz002739,万达电影
sh603899,晨光股份
sh603698,航天工程
sz002749,国光股份
sz002768,国恩股份
sz300859,*ST西域
sh603665,康隆达
sh603908,牧高笛
sh603937,丽岛新材
sh605168,三人行
sh603208,江山欧派
sh603338,浙江鼎力
sh603032,德新交运
sz300987,川网传媒
sz300684,中石科技
sz300597,吉大通信
sz300581,晨曦航空
sz300576,容大感光
sz002855,捷荣技术
sz002972,科安达
sh603883,老百姓
sz300455,康拓红外
sz300447,全信股份
sz002942,新农股份
sz300464,星徽股份
sh603021,山东华鹏
sz300439,美康生物
sz300414,中光防雷
sz300404,博济医药
sz301079,邵阳液压
sz300835,龙磁科技
sz300673,佩蒂股份
sz002753,永东股份
sz300465,高伟达
sz301070,开勒股份
sh688095,福昕软件
sh603997,继峰股份
sh603969,银龙股份
sh603828,柯利达
sz300421,力星股份
sh603015,弘讯科技
sh603222,济民医疗
sh688393,安必平
sh603089,正裕工业
sz300573,兴齐眼药
sh688359,三孚新科
sz002846,英联股份
sz002847,盐津铺子
sz300592,华凯创意
sz300898,熊猫乳品
sh603348,文灿股份
sh605377,华旺科技
sz002747,埃斯顿
sh603199,九华旅游
sh603020,爱普股份
sh603012,创力集团
sh603238,诺邦股份
sh603337,杰克股份
sh603817,海峡环保
sh688379,华光新材
sh603217,元利科技
sz300678,中科信息
sz300568,星源材质
sh603330,上海天洋
sz002853,皮阿诺
sh603378,亚士创能
sh603615,茶花股份
sz300823,建科机械
sh603656,泰禾智能
sh600996,贵广网络
sh603393,新天然气
sz300617,安靠智电
sh603630,拉芳家化
sh603955,大千生态
sz300437,清水源
sz300442,普丽盛
sz002849,威星智能
sz001205,盛航股份
sz300865,大宏立
sz002786,银宝山新
sz300659,中孚信息
sh603896,寿仙谷
sh603138,海量数据
sz002852,道道全
sh603960,克来机电
sz300970,华绿生物
sz300647,超频三
sh603768,常青股份
sh603903,中持股份
sh603991,至正股份
sz002952,亚世光电
sz300941,创识科技
sz300855,图南股份
sh688500,慧辰股份
sh688798,艾为电子
sh688701,卓锦股份
sh688663,新风光
sz002967,广电计量
sh688215,瑞晟智能
sh688003,天准科技
sz300786,国林科技
sz300925,法本信息
sz301082,久盛电气
sz301188,力诺特玻
sz301248,杰创智能
sz001296,长江材料
sh603191,望变电气
sh603439,贵州三力
sz300577,开润股份
sz003002,壶化股份
sz002961,瑞达期货
sz002875,安奈儿
sz002774,快意电梯
sz300867,圣元环保
sz300800,力合科技
sh601952,苏垦农发
sh603396,金辰股份
sh603133,碳元科技
sh603178,圣龙股份
sh603179,新泉股份
sh603385,惠达卫浴
sh603787,新日股份
sh603920,世运电路
sh603078,江化微
sz002862,实丰文化
sh603096,新经典
sz300958,建工修复
sz002906,华阳集团
sh603050,科林电气
sh603758,秦安股份
sh688398,赛特新材
sh603279,景津装备
sz300972,万辰生物
sh688135,利扬芯片
sz300787,海能实业
sz002878,元隆雅图
sh603536,惠发食品
sh603906,龙蟠科技
sh603113,金能科技
sh603041,美思德
sh603180,金牌厨柜
sz300756,金马游乐
sh688357,建龙微纳
sz003020,立方制药
sh603826,坤彩科技
sh603269,海鸥股份
sh603680,今创集团
sz002868,绿康生化
sh603197,保隆科技
sz300583,赛托生物
sh603232,格尔软件
sz002882,金龙羽
sh603229,奥翔药业
sh605069,正和生态
sh603855,华荣股份
sh603127,昭衍新药
sz002870,香山股份
sz002859,洁美科技
sz300813,泰林生物
sz300589,江龙船艇
sh603058,永吉股份
sh603200,上海洗霸
sh603501,韦尔股份
sh603586,金麒麟
sh603926,铁流股份
sz300868,杰美特
sz300612,宣亚国际
sz300601,康泰生物
sz300585,奥联电子
sz003041,真爱美家
sh603139,康惠制药
sz002902,铭普光磁
sz002860,星帅尔
sz300945,曼卡龙
sh688156,路德环境
sz301024,霍普股份
sh688180,君实生物
sz300613,富瀚微
sz300590,移为通信
sz300588,熙菱信息
sz300618,寒锐钴业
sh603496,恒为科技
sh603721,中广天择
sh603728,鸣志电器
sz300616,尚品宅配
sh603081,大丰实业
sz002863,今飞凯达
sz002869,金溢科技
sz002871,伟隆股份
sz002872,ST天圣
sz002876,三利谱
sh603776,永安行
sz002873,新天药业
sh603879,永悦科技
sz300853,申昊科技
sz300654,世纪天鸿
sz300854,中兰环保
sh603105,芯能科技
sh603773,沃格光电
sh605183,确成股份
sz301237,和顺科技
sz002965,祥鑫科技
sh603335,迪生力
sh603488,展鹏科技
sh603679,华体科技
sh603856,东宏股份
sz300638,广和通
sz300675,建科院
sz300996,普联软件
sz301098,金埔园林
sh603316,诚邦股份
sh603331,百达精工
sz300645,正元智慧
sz003025,思进智能
sz300584,海辰药业
sz300591,万里马
sz300595,欧普康视
sz300599,雄塑科技
sz300602,飞荣达
sz300605,恒锋信息
sz300608,思特奇
sz300639,凯普生物
sz300610,晨化股份
sz300724,捷佳伟创
sh601068,中铝国际
sz300971,博亚精工
sh688518,联赢激光
sh600927,永安期货
sz301135,瑞德智能
sh688388,嘉元科技
sh688733,壹石通
sz301042,安联锐视
sh605298,必得科技
sz300738,奥飞数据
sz301040,中环海陆
sz300980,祥源新材
sz301168,通灵股份
sh688669,聚石化学
sz300883,龙利得
sz002943,宇晶股份
sz300829,金丹科技
sz300807,天迈科技
sz300948,冠中生态
sz300705,九典制药
sh688367,工大高科
sh688310,迈得医疗
sh601860,紫金银行
sh603527,众源新材
sz300981,中红医疗
sz301013,利和兴
sh603045,福达合金
sh688556,高测股份
sz300780,德恩精工
sz300788,中信出版
sz300920,润阳科技
sh688153,唯捷创芯
sh688319,欧林生物
sh603693,江苏新能
sz003042,中农联合
sh688239,航宇科技
sh601658,邮储银行
sh688277,天智航
sh688339,亿华通
sz002958,青农商行
sh688317,之江生物
sz300830,金现代
sh603277,银都股份
sz001979,招商蛇口
sh688596,正帆科技
sz301258,富士莱
sz301076,新瀚新材
sz301060,兰卫医学
sz301221,光庭信息
sh688133,泰坦科技
sz003015,日久光电
sz300975,商络电子
sh688679,通源环境
sh688257,新锐股份
sh688167,炬光科技
sz300776,帝尔激光
sz300737,科顺股份
sh688269,凯立新材
sz300818,耐普矿机
sz301206,三元生物
sz300877,金春股份
sz300899,上海凯鑫
sh688150,莱特光电
sz300869,康泰医学
sz300748,金力永磁
sz300749,顶固集创
sh603155,新亚强
sz300848,美瑞新材
sh688395,正弦电气
sz301011,华立科技
sz300860,锋尚文化
sh688550,瑞联新材
sz300825,阿尔特
sz301030,仕净科技
sz301178,天亿马
sz003001,中岩大地
sz300872,天阳科技
sz300906,日月明
sh688086,*ST紫晶
sh688163,赛伦生物
sz300763,锦浪科技
sz300774,倍杰特
sz300875,捷强装备
sz300902,国安达
sz300950,德固特
sh601155,新城控股
sh688255,凯尔达
sh688076,诺泰生物
sz300991,创益通
sh688159,有方科技
sh688390,固德威
sh603357,设计总院
sz300630,普利制药
sh603157,退市拉夏
sh603619,中曼石油
sh603711,香飘飘
sh688590,新致软件
sh603880,南卫股份
sh603938,三孚股份
sh603985,恒润股份
sh603079,圣达生物
sh688589,力合微
sz300663,科蓝软件
sz300701,森霸传感
sh688208,道通科技
sz002880,卫光生物
sz002884,凌霄泵业
sz002935,天奥电子
sz300603,立昂技术
sz300620,光库科技
sz300626,华瑞股份
sz300635,中达安
sz300636,同和药业
sz300637,扬帆新材
sz300662,科锐国际
sz300670,大烨智能
sh688170,德龙激光
sh603093,南华期货
sh603042,华脉科技
sh603063,XD禾望电
sh603196,日播时尚
sh603387,基蛋生物
sh603587,地素时尚
sh603970,中农立华
sz300908,仲景食品
sz300767,震安科技
sz002866,传艺科技
sz002877,智能自控
sz002879,长缆科技
sz002886,沃特股份
sz002893,华通热力
sz002900,哈三联
sh605303,园林股份
sz300661,圣邦股份
sz300699,光威复材
sz300708,聚灿光电
sh603978,深圳新星
sz300633,开立医疗
sz300628,亿联网络
sz300627,华测导航
sz300695,兆丰股份
sz300622,博士眼镜
sz300621,维业股份
sz300625,三雄极光
sz300611,美力科技
sz300609,汇纳科技
sh688218,江苏北人
sh688335,复洁环保
sz300700,岱勒新材
sh603700,宁水集团
sh688677,海泰新光
sh688580,伟思医疗
sh603236,移远通信
sh688138,清溢光电
sz301113,雅艺科技
sh688737,中自科技
sh688516,奥特维
sh688267,中触媒
sh603565,中谷物流
sh688127,蓝特光学
sz301083,百胜智能
sz300976,达瑞电子
sz300775,三角防务
sz003030,祖名股份
sh603516,淳中科技
sh603055,台华新材
sz300953,震裕科技
sz300801,泰和科技
sz300685,艾德生物
sz300652,雷迪克
sz300648,星云股份
sh603535,嘉诚国际
sh603233,大参林
sz002949,华阳国际
sz300837,浙矿股份
sh601019,山东出版
sh603289,泰瑞机器
sz300514,友讯达
sz300643,万通智控
sz300650,太龙股份
sh688286,敏芯股份
sz300676,华大基因
sh603226,菲林格尔
sh603110,东方材料
sh603697,有友食品
sh603963,大理药业
sh688309,*ST恒誉
sz300653,正海生物
sz002883,中设股份
sh603717,天域生态
sh688056,莱伯泰科
sh603329,上海雅仕
sh603648,畅联股份
sz002909,集泰股份
sh603683,晶华新材
sh603809,豪能股份
sh603916,苏博特
sh603933,睿能科技
sz300963,中洲特材
sz300658,延江股份
sz300703,创源股份
sz300690,双一科技
sz300680,隆盛科技
sz300651,金陵体育
sz300649,杭州园林
sz300642,透景生命
sz300641,正丹股份
sz300604,长川科技
sz300554,三超新材
sz002887,绿茵生态
sz300929,华骐环保
sh603286,日盈电子
sz002889,东方嘉盛
sh688611,杭州柯林
sh605196,华通线缆
sh688793,倍轻松
sz300909,汇创达
sz301077,星华反光
sh688226,威腾电气
sz301020,密封科技
sz003017,大洋生物
sh688303,大全能源
sh601949,中国出版
sz002890,弘宇股份
sh603757,大元泵业
sh603458,勘设股份
sh603326,我乐家居
sh603260,合盛硅业
sh601619,嘉泽新能
sz300667,必创科技
sz300660,江苏雷利
sz300655,晶瑞电材
sz002827,高争民爆
sh603813,原尚股份
sh603980,吉华集团
sz300666,江丰电子
sz301106,骏成科技
sh603596,伯特利
sz301035,润丰股份
sh688577,浙海德曼
sz301166,优宁维
sh603956,威派格
sz002997,瑞鹄模具
sz301120,新特电气
sz301096,百诚医药
sh688131,皓元医药
sz301073,君亭酒店
sh688513,苑东生物
sh605100,华丰股份
sh688595,芯海科技
sz300614,百川畅银
sh688536,思瑞浦
sh603617,君禾股份
sh603882,金域医学
sz300817,双飞股份
sz003006,百亚股份
sz300656,民德电子
sh603136,天目湖
sz301092,争光股份
sz301148,嘉戎技术
sz300791,仙乐健康
sz300671,富满微
sz301117,佳缘科技
sz002888,惠威科技
sz300888,稳健医疗
sh603801,志邦家居
sz300815,玉禾田
sz300693,盛弘股份
sz300706,阿石创
sz300761,立华股份
sz300640,德艺文创
sz002885,京泉华
sh603707,健友股份
sh603922,金鸿顺
sh603380,易德龙
sh603305,旭升股份
sz002898,赛隆药业
sz002881,美格智能
sz300681,英搏尔
sz300796,贝斯美
sh603595,东尼电子
sz001317,三羊马
sh603129,春风动力
sz300688,创业黑马
sz300677,英科医疗
sz300926,博俊科技
sz301218,华是科技
sh605111,新洁能
sz300836,佰奥智能
sh688052,纳芯微
sh605299,舒华体育
sh688238,和元生物
sh688555,泽达易盛
sh688625,呈和科技
sz002891,中宠股份
sz300712,永福股份
sh603106,恒银科技
sh603365,水星家纺
sh688160,步科股份
sz301149,隆华新材
sz300792,壹网壹创
sz300983,尤安设计
sz300986,志特新材
sz301007,德迈仕
sz301212,联盛化学
sz300669,沪宁股份
sz300672,国科微
sz300691,联合光电
sz300668,杰恩设计
sh688058,宝兰德
sz002895,川恒股份
sz002901,大博医疗
sh603500,祥和实业
sh603976,正川股份
sz002897,意华股份
sz001218,丽臣实业
sh603181,皇马科技
sh603321,梅轮电梯
sh603363,傲农生物
sh603386,广东骏亚
sh603557,ST起步
sh603605,珀莱雅
sh603183,建研院
sz300683,海特生物
sh688148,芳源股份
sh688299,长阳科技
sz301131,聚赛龙
sz300964,本川智能
sh603076,乐惠国际
sh603083,剑桥科技
sh603087,甘李药业
sz300687,赛意信息
sh605151,西上海
sz002920,德赛西威
sz002892,科力尔
sh603499,翔港科技
sz300679,电连技术
sh601298,青岛港
sz003033,征和工业
sz002970,锐明技术
sh688118,普元信息
sh603967,中创物流
sz002918,蒙娜丽莎
sh603429,集友股份
sh603533,掌阅科技
sz300689,澄天伟业
sh603283,赛腾股份
sz300723,一品红
sz002911,佛燃能源
sh603659,璞泰来
sz300743,天地数码
sz300949,奥雅设计
sh601330,绿色动力
sh603103,横店影视
sh603214,爱婴室
sh603392,万泰生物
sz300720,海川智能
sh603507,振江股份
sh603709,中源家居
sh603917,合力科技
sh605108,同庆楼
sh605296,神农集团
sh688020,方邦股份
sz300717,华信新材
sz300698,万马科技
sz300713,英可瑞
sz002896,中大力德
sz002899,英派斯
sz003036,泰坦股份
sz002919,名臣健康
sz002921,联诚精密
sz002929,润建股份
sz300692,中环环保
sz300696,爱乐达
sz300697,电工合金
sz002903,宇环数控
sz301031,中熔电气
sz300866,安克创新
sz300886,华业香料
sz301026,浩通科技
sh603893,瑞芯微
sh688089,嘉必优
sh688060,云涌科技
sh605006,山东玻纤
sh603829,洛凯股份
sh603655,朗博科技
sh603506,南都物业
sh603466,风语筑
sh600968,海油发展
sz002908,德生科技
sz002912,中新赛克
sz300709,精研科技
sz300730,科创信息
sz300878,维康药业
sz002930,宏川智慧
sz002969,嘉美包装
sz002907,华森制药
sz301069,凯盛新材
sh688601,力芯微
sh688283,坤恒顺维
sz301185,鸥玛软件
sz301071,力量钻石
sz001202,炬申股份
sh688265,南模生物
sh688678,福立旺
sz300856,科思股份
sz300931,通用电梯
sz301078,孩子王
sh600933,爱柯迪
sz002922,伊戈尔
sh605088,冠盛股份
sz003010,若羽臣
sz003003,天元股份
sh688026,洁特生物
sz300725,药石科技
sh688109,品茗股份
sz300702,天宇股份
sz300960,通业科技
sz300843,胜蓝股份
sh605136,丽人丽妆
sh603912,佳力图
sh603895,天永智能
sh603583,捷昌驱动
sz301150,中一科技
sz003032,传智教育
sh688055,龙腾光电
sh688510,航亚科技
sz001206,依依股份
sz002999,天禾股份
sz002915,中欣氟材
sz002913,奥士康
sz300719,安达维尔
sh688707,振华新材
sz301189,奥尼电子
sh688221,前沿生物
sz002925,盈趣科技
sh605258,协和电子
sh603848,好太太
sz300900,广联航空
sz300707,威唐工业
sz300726,宏达电子
sz300827,上能电气
sz301169,零点有数
sz301198,喜悦智行
sh603727,博迈科
sh605189,富春染织
sz301067,显盈科技
sh688063,派能科技
sh688228,开普云
sh688268,华特气体
sh688066,航天宏图
sz301001,凯淳股份
sz002968,新大正
sz300777,中简科技
sh688571,杭华股份
sh603607,京华激光
sz002826,易明医药
sh603685,晨丰科技
sh603661,恒林股份
sh603356,华菱精工
sh603676,卫信康
sz300674,宇信科技
sz002910,庄园牧场
sz300716,国立科技
sz300891,惠云钛业
sz300710,万隆光电
sz300799,左江科技
sz301017,漱玉平民
sh603278,大业股份
sz002917,金奥博
sh603390,通达电气
sz301028,东亚机械
sh688098,申联生物
sh603871,嘉友国际
sh603712,七一二
sz300742,越博动力
sz300731,科创新源
sz300727,润禾材料
sz300711,广哈通信
sh603590,康辰药业
sh605376,博迁新材
sh605158,华达新材
sz002864,盘龙药业
sz300718,长盛轴承
sh603109,神驰机电
sz002989,中天精装
sh603059,倍加洁
sh603379,三美股份
sz300634,彩讯股份
sz300732,设研院
sz300733,西菱动力
sh605166,聚合顺
sz300735,光弘科技
sh688083,中望软件
sh688378,奥来德
sz300968,格林精密
sz300722,新余国科
sz002928,华夏航空
sh603486,科沃斯
sh603949,雪龙集团
sh688229,博睿数据
sz300989,蕾奥规划
sh688004,博汇科技
sh688622,禾信仪器
sz300773,拉卡拉
sh603897,XD长城科
sh603733,仙鹤股份
sz300962,中金辐照
sh603666,亿嘉和
sh603890,春秋电子
sz300781,因赛集团
sz300758,七彩化学
sz300785,值得买
sz301002,崧盛股份
sz301229,纽泰格
sh605580,恒盛能源
sz301097,天益医疗
sh688111,金山办公
sh688616,西力科技
sz300760,迈瑞医疗
sh688597,煜邦电力
sh688077,大地熊
sz001965,招商公路
sh605178,时空科技
sh688689,银河微电
sh688350,XD富淼科
sh603353,和顺石油
sz300915,海融科技
sz300759,康龙化成
sz002940,昂利康
sz300768,迪普科技
sz002992,宝明科技
sz300694,蠡湖股份
sz300751,迈为股份
sh688025,杰普特
sz300757,罗博特科
sh603810,丰山集团
sh603650,彤程新材
sz300849,锦盛新材
sh603629,利通电子
sh603297,永新光学
sz300894,火星人
sh601869,长飞光纤
sz002937,兴瑞科技
sz300897,山科智能
sz301018,申菱环境
sh603755,日辰股份
sh688103,国力股份
sh603739,蔚蓝生物
sz300896,爱美客
sz300753,爱朋医疗
sh603713,密尔克卫
sh688418,震有科技
sh603121,华培动力
sh688202,美迪西
sh603915,国茂股份
sh603790,雅运股份
sh603662,柯力传感
sh603657,春光科技
sh603192,汇得科技
sh603259,药明康德
sz301226,祥明智能
sz301158,德石股份
sz300811,铂科新材
sz300454,深信服
sh688168,安博通
sz001210,金房节能
sz003012,东鹏控股
sz300766,每日互动
sz002978,安宁股份
sz002995,天地在线
sz300778,新城市
sh603332,苏州龙杰
sz002947,恒铭达
sh688558,国盛智科
sz300890,翔丰华
sz300762,上海瀚讯
sh688368,晶丰明源
sh603068,博通集成
sz300810,中科海讯
sz300772,运达股份
sz001216,华瓷股份
sh603477,巨星农牧
sz300783,三只松鼠
sz300771,智莱科技
sz300936,中英科技
sh605266,健之佳
sz300740,水羊股份
sz300644,南京聚隆
sz300789,唐源电气
sz300750,宁德时代
sz002938,鹏鼎控股
sh603351,威尔药业
sz002950,奥美医疗
sz300594,朗进科技
sh600935,华塑股份
sz001219,青岛食品
sz300752,隆利科技
sz003004,声迅股份
sz301186,超达装备
sz001201,东瑞股份
sz002951,金时科技
sz300770,新媒股份
sz002956,西麦食品
sz300779,惠城环保
sz301222,浙江恒威
sz300741,华宝股份
sh600929,雪天盐业
sz002981,朝阳科技
sz300798,锦鸡股份
sz300851,交大思诺
sz002957,科瑞技术
sz300912,凯龙高科
sz300765,新诺威
sz301046,能辉科技
sh603867,新化股份
sh603982,泉峰汽车
sh603687,大胜达
sh603530,神马电力
sh603327,福蓉科技
sh601698,中国卫通
sh603115,海星股份
sh603212,赛伍技术
sz002931,锋龙股份
sh603301,振德医疗
sz300745,欣锐科技
sz300739,明阳电路
sz301219,腾远钴业
sh688699,明微电子
sz301109,军信股份
sh603706,东方环宇
sh603150,万朗磁塑
sh603267,鸿远电子
sh603220,中贝通信
sh603876,鼎胜新材
sz002927,泰永长征
sz300782,卓胜微
sh688010,福光股份
sz301190,善水科技
sh601138,工业富联
sz300805,电声股份
sh603529,爱玛科技
sz300808,久量股份
sz002933,新兴装备
sh688006,杭可科技
sz300809,华辰装备
sh688285,高铁电气
sz002971,和远气体
sh605090,九丰能源
sh603195,公牛集团
sz002959,小熊电器
sh603992,松霖科技
sh603290,斯达半导
sz300816,艾可蓝
sz002977,天箭科技
sz301102,兆讯传媒
sz002984,森麒麟
sh603948,建业股份
sz300858,科拓生物
sh688301,奕瑞科技
sh688560,明冠新材
sz002980,华盛昌
sz300826,测绘股份
sz300812,易天股份
sz300821,东岳硅材
sz300892,品渥食品
sh605128,上海沿浦
sh603256,宏和科技
sh603815,交建股份
sz301015,百洋医药
sz002955,鸿合科技
sz002962,五方光电
sz300793,佳禾智能
sh603551,奥普家居
sz300928,华安鑫创
sz300861,美畅股份
sz300797,钢研纳克
sz002975,博杰股份
sz003043,华亚智能
sz300790,宇瞳光学
sz300802,矩子科技
sh603995,甬金股份
sz300831,派瑞股份
sh603221,爱丽家居
sh605198,德利股份
sz300840,酷特智能
sh605358,立昂微
sh688315,诺禾致源
sz300833,浩洋股份
sz002985,北摩高科
sz300842,帝科股份
sh601702,华峰铝业
sh601778,晶科科技
sz002983,芯瑞达
sh601827,三峰环境
sz002976,瑞玛精密
sz001313,粤海饲料
sz300841,康华生物
sh605339,南侨食品
sh603489,八方股份
sh605288,凯迪股份
sh605333,沪光股份
sz002973,侨银股份
sh603719,良品铺子
sh603053,成都燃气
sh603950,长源东谷
sz300819,聚杰微纤
sh603610,麒盛科技
sz002963,豪尔赛
sh688981,中芯国际
sh603095,越剑智能
sh688561,奇安信
sh688656,浩欧博
sh605389,长龄液压
sh688126,沪硅产业
sh605388,均瑶健康
sh605169,洪通燃气
sh605009,豪悦护理
sh605399,晨光新材
sh605003,众望布艺
sz300901,中胤时尚
sz003019,宸展光电
sh688266,泽璟制药
sh605255,天普股份
sz300927,江天化学
sh603102,百合股份
sz300982,苏文电能
sz003028,振邦智能
sz300876,蒙泰高新
sz300893,松原股份
sh605077,华康股份
sh688408,中信博
sh688606,奥泰生物
sz301051,信濠光电
sh688002,睿创微纳
sh688165,埃夫特
sh688499,利元亨
sz301025,读客文化
sz300905,宝丽迪
sz300907,康平科技
sz003018,金富科技
sz300930,屹通新材
sz301010,晶雪节能
sz300932,三友联众
sh603759,海天股份
sz300937,药易购
sz300942,易瑞生物
sh603261,立航科技
sh600916,中国黄金
sz301068,大地海洋
sz301006,迈拓股份
sz300923,研奥股份
sz300917,特发服务
sh605005,合兴股份
sh605378,野马电池
sh603931,格林达
sh688329,艾隆科技
sh605011,杭州热电
sh605155,西大门
sh605117,德业股份
sh605068,明新旭腾
sh605060,联德股份
sh605058,澳弘电子
sh688009,中国通号
sh688005,容百科技
sh688001,华兴源创
sh688018,乐鑫科技
sh688012,中微公司
sh688011,新光光电
sh688019,安集科技
sh688088,虹软科技
sh688028,沃尔德
sh688022,瀚川智能
sh601156,东航物流
sh605162,新中港
sh688033,天宜上佳
sh605319,无锡振华
sh688015,交控科技
sh688177,百奥泰
sh688222,成都先导
sz301211,亨迪药业
sz300999,金龙鱼
sh688008,澜起科技
sh688007,光峰科技
sh688333,铂力特
sh688016,心脉医疗
sh688188,柏楚电子
sh688787,海天瑞声
sh688321,微芯生物
sh688099,晶晨股份
sh688200,华峰测控
sz003008,开普检测
sz002986,宇新股份
sh605286,同力日升
sh688036,传音控股
sh688520,神州细胞
sh688567,孚能科技
sz300862,蓝盾光电
sh688116,天奈科技
sz003031,中瓷电子
sh688521,芯原股份
sh688030,山石网科
sh688068,热景生物
sz300863,卡倍亿
sh603171,税友股份
sh605300,佳禾食品
sh688312,燕麦科技
sh605222,起帆电缆
sh688488,艾迪药业
sh688505,复旦张江
sz300884,狄耐克
sz300913,兆龙互连
sh688037,芯源微
sh688598,金博股份
sh688157,松井股份
sz300822,贝仕达克
sh605118,力鼎光电
sz002988,豪美新材
sh688363,华熙生物
sh688023,安恒信息
sh688128,中国电研
sh605050,福然德
sh605008,长鸿高科
sh603324,盛剑环境
sz300852,四会富仕
sh605366,宏柏新材
sh688139,海尔生物
sh688051,佳华科技
sh688100,威胜信息
sh688108,赛诺医疗
sz002991,甘源食品
sz002993,奥海科技
sz300889,爱克股份
sh605001,威奥股份
sh688369,致远互联
sh688526,科前生物
sh688389,普门科技
sh688288,鸿泉物联
sh688166,博瑞医药
sh688021,奥福环保
sz002987,京北方
sz002990,盛视科技
sz300885,海昌新材
sh605188,国光连锁
sh688356,键凯科技
sz300921,南凌科技
sz300911,亿田智能
sz300918,南山智尚
sz300940,南极光
sh688358,祥生医疗
sz003009,中天火箭
sz300880,迦南智能
sz003027,同兴环保
sz300873,海晨股份
sh605398,新炬网络
sh688399,硕世生物
sh688569,铁科轨道
sh688258,卓易信息
sh688198,佰仁医疗
sh688586,江航装备
sz300857,协创数据
sz300933,中辰股份
sz300939,秋田微
sh605086,龙高股份
sz300864,南大环境
sh605116,奥锐特
sh605287,德才股份
sz300850,新强联
sh688027,国盾量子
sz300871,回盛生物
sz301199,迈赫股份
sz002998,优彩资源
sh688528,秦川物联
sh688039,当虹科技
sz003021,兆威机电
sh603408,建霖家居
sz300978,东箭科技
sh688065,凯赛生物
sh688050,爱博医疗
sh605123,派克新材
sh605016,百龙创园
sz003022,联泓新科
sz300952,恒辉安防
sh605338,巴比食品
sh605500,森林包装
sh605369,拱东医疗
sh605218,伟时电子
sz300903,科翔股份
sh603112,华翔股份
sz003000,劲仔食品
sz003007,直真科技
sh688081,兴图新科
sh688123,聚辰股份
sh688568,中科星图
sh688097,博众精工
sz301021,英诺激光
sh605007,五洲特纸
sh605066,天正电气
sh605133,嵘泰股份
sh605179,一鸣食品
sh605186,健麾信息
sh605336,帅丰电器
sz300879,大叶股份
sz300977,深圳瑞捷
sz003011,海象新材
sz003013,地铁设计
sz300959,线上线下
sh688072,拓荆科技
sh688069,德林海
sh688466,金科环境
sh688178,万德斯
sh688365,光云科技
sh688311,盟升电子
sh688600,皖仪科技
sh601816,京沪高铁
sh688155,先惠技术
sh601279,英利汽车
sh601568,北元集团
sh605055,迎丰股份
sh605268,王力安防
sh605337,李子园
sh688278,特宝生物
sh688585,上纬新材
sh605028,世茂能源
sz300998,宁波方正
sz300916,朗特智能
sz003037,三和管桩
sh605080,浙江自然
sh688085,三友医疗
sh688338,赛科希德
sh688599,天合光能
sh688559,海目星
sh605228,神通科技
sh605122,四方新材
sh605089,味知香
sh605081,太和水
sh600032,浙江新能
sh688189,南新制药
sz301081,严牌股份
sz300961,深水海纳
sz300965,恒宇信通
sh688298,东方生物
sh688566,吉贝尔
sz300870,欧陆通
sz300882,万胜智能
sh605177,东亚药业
sh688186,广大特材
sz003005,竞业达
sh605180,华生科技
sh605199,葫芦娃
sh688158,优刻得
sz003029,吉大正元
sh605018,长华股份
sz003023,彩虹集团
sh605318,法狮龙
sh688090,瑞松科技
sh605277,新亚电子
sh688185,康希诺
sh688169,石头科技
sh688233,神工股份
sh688396,华润微
sz300910,瑞丰新材
sz300947,德必集团
sh601686,友发集团
sh688330,宏力达
sh688777,中控技术
sz003035,南网能源
sh601956,东贝集团
sh605566,福莱蒽特
sh688280,精进电动
sh688256,寒武纪
sz300995,奇德新材
sz001211,双枪科技
sz301159,三维天地
sh688313,仕佳光子
sh688655,迅捷兴
sh688766,普冉股份
sh688289,圣湘生物
sh688091,上海谊众
sh688017,绿的谐波
sh688551,科威尔
sh688621,阳光诺和
sh688246,嘉和美康
sh688779,长远锂科
sh688013,天臣医疗
sh688093,世华科技
sh688306,均普智能
sh688082,盛美上海
sh688386,泛亚微透
sh688718,唯赛勃
sh688110,东芯股份
sh688788,科思科技
sz301063,海锅股份
sz301228,实朴检测
sh688129,东来技术
sz301075,多瑞医药
sz301187,欧圣电气
sh603213,镇洋发展
sz300956,英力股份
sh605499,东鹏饮料
sh688767,博拓生物
sh688776,国光电气
sh688768,容知日新
sh688529,豪森股份
sh688345,博力威
sh688670,金迪克
sh688219,会通股份
sh688728,格科微
sh688171,纬德信息
sz301045,天禄科技
sh688772,珠海冠宇
sz301047,义翘神州
sz003038,鑫铂股份
sh688578,艾力斯
sh605507,国邦医药
sz301033,迈普医学
sz300992,泰福泵业
sh605020,永和股份
sh688557,兰剑智能
sz301151,冠龙节能
sz301181,标榜股份
sz301090,华润材料
sh605033,美邦股份
sz301004,嘉益股份
sh688308,欧科亿
sh688136,科兴制药
sz301196,唯科科技
sh688690,纳微科技
sh688232,新点软件
sh688608,恒玄科技
sz301128,强瑞技术
sz301108,洁雅股份
sz301155,海力风电
sz301217,铜冠铜箔
sh688259,创耀科技
sh688668,XD鼎通科
sz300990,同飞股份
sh688553,汇宇制药
sh605567,春雪食品
sh605056,咸亨国际
sh603511,爱慕股份
sz301207,华兰疫苗
sz300919,中伟股份
sz301050,雷电微力
sh688658,悦康药业
sz001234,泰慕士
sh605365,立达信
sh605167,利柏特
sz301005,超捷股份
sz300985,致远新能
sh688698,伟创电气
sh688618,三旺通信
sh603071,物产环能
sz001228,永泰运
sh688686,奥普特
sz301003,江苏博云
sz301023,江南奕帆
sh688182,灿勤科技
sz301027,华蓝集团
sz301039,中集车辆
sh605588,冠石科技
sh601921,浙版传媒
sz301008,宏昌科技
sz301100,风光股份
sz001217,华尔泰
sh688282,理工导航
sz301182,凯旺科技
sh688062,迈威生物
sz301163,宏德股份
sz301216,万凯新材
sh603048,浙江黎明
sh688617,惠泰医疗
sh603176,汇通集团
sh688778,厦钨新能
sz301259,艾布鲁
sh688236,春立医疗
sh605488,福莱新材
sz301022,海泰科
sz301122,采纳股份
sz301019,宁波色母
sh688087,英科再生
sh688105,诺唯赞
sh688102,斯瑞新材
sz301256,华融化学
sh688071,华依科技
sh688212,澳华内镜
sh688151,华强科技
sh603219,富佳股份
sz301065,本立科技
sh688210,统联精密
sh688162,巨一科技
sz301268,铭利达
sh600955,维远股份
sz301137,哈焊华通
sz001215,千味央厨
sz001213,中铁特货
sz301279,金道科技
sz300984,金沃股份
sz300994,久祺股份
sz301058,中粮工科
sz301179,泽宇智能
sz301180,万祥科技
sz301215,中汽股份
sz301235,华康医疗
sh688032,禾迈股份
sh603122,合富中国
sh688697,纽威数控
sz301201,诚达药业
sh603216,梦天家居
sz001212,中旗新材
sz301086,鸿富瀚
sz301123,奕东电子
sz300814,中富电路
sz301032,新柴股份
sz301133,金钟股份
sh688628,优利德
sz301016,雷尔伟
sh605138,盛泰集团
sh688676,金盘科技
sh688607,康众医疗
sz301038,深水规院
sz301099,雅创电子
sh603836,海程邦达
sz301091,深城交
sz001209,洪兴股份
sz301036,双乐股份
sh688517,金冠电气
sh688112,鼎阳科技
sh688667,菱电电控
sz001288,运机集团
sh605599,菜百股份
sh688305,科德数控
sh688092,爱科科技
sh688272,富吉瑞
sh688059,华锐精密
sh605598,上海港湾
sh605259,绿田机械
sh688665,四方光电
sh688070,纵横股份
sz301037,保立佳
sz301049,超越科技
sz301056,森赫股份
sh605555,德昌股份
sz301055,张小泉
sz301043,绿岛风
sz301177,迪阿股份
sh688276,百克生物
sz300946,恒而达
sz301053,远信工业
sz301080,百普赛斯
sh688121,卓然股份
sh688619,罗普特
sh688217,睿昂基因
sz301167,建研设计
sh688183,生益电子
sh688509,正元地信
sz301136,招标股份
sz001208,华菱线缆
sz301129,瑞纳智能
sz301087,可孚医疗
sh603230,内蒙新华
sz301009,可靠股份
sz301119,正强股份
sz300951,博硕科技
sh688501,青达环保
sh688786,悦安新材
sz301066,万事利
sh688161,威高骨科
sh688117,圣诺生物
sh688314,康拓医疗
sz301236,软通动力
sz301052,果麦文化
sz301085,亚康股份
sz301103,何氏眼科
sz300844,山水比德
sh688316,青云科技
sh688696,极米科技
sh688079,美迪凯
sh688227,品高股份
sz301012,扬电科技
sh688456,有研粉材
sz301059,金三江
sh688613,奥精医疗
sh688425,铁建重工
sz301061,匠心家居
sz301072,中捷精工
sz301000,肇民科技
sz301093,华兰股份
sz301110,青木股份
sz301088,戎美股份
sh688195,腾景科技
sz301138,华研精机
sz003040,楚天龙
sh688575,亚辉龙
sh688799,华纳药厂
sz301029,怡合达
sh688225,亚信安全
sh688659,元琛科技
sz301162,国能日新
sh688323,瑞华泰
sh688113,联测科技
sh688197,首药控股
sz301193,家联科技
sh688609,九联科技
sz300955,嘉亨家化
sz301048,金鹰重工
sz301101,明月镜片
sh688636,智明达
sh688633,星球石墨
sz300957,贝泰妮
sh688683,莱尔科技
sh688685,迈信林
sh605577,龙版传媒
sh688661,和林微纳
sh688722,同益中
sh688511,天微电子
sh688385,复旦微电
sz300969,恒帅股份
sh688626,翔宇医疗
sh688260,昀冢科技
sh688660,电气风电
sh688662,富信科技
sh688533,上声电子
sh688630,芯碁微装
sh688383,新益昌
sh688355,明志科技
sz300997,欢乐家
sz300993,玉马遮阳
sh688682,霍莱沃
sz300966,共同药业
sh688468,科美诊断
sh688538,和辉光电
sz300973,立高食品
sh688201,信安世纪
sz300979,华利集团
sh688700,东威科技
sh688211,中科微至
sh688049,炬芯科技
sz301111,粤万年青
sh688220,翱捷科技
sh688235,百济神州
sh603209,兴通股份
sh688075,安旭生物
sh603132,金徽股份
sz001266,宏英智能
sz001308,康冠科技
sh688190,云路股份
sh688107,安路科技
sh688230,芯导科技
sh688192,迪哲医药
sh688248,南网科技
sh688206,概伦电子
sh688176,亚虹医药
sh688234,天岳先进
sh603206,嘉环科技
sh688173,希荻微
sh688270,臻镭科技
sh688261,东微半导
sh603215,比依股份
sz301200,大族数控
sh688320,禾川科技
sh688281,华秦科技
sh688115,思林杰
sh688207,格灵深瞳
sh603070,万控智造
sh688175,高凌信息
sh688331,荣昌生物
sh688290,景业智能
sh688193,仁度生物
sh688125,安达智能
sh688326,经纬恒润
sh688048,长光华芯
sh688209,英集芯
sh688295,中复神鹰
sh688046,药康生物
sh600938,中国海油
sh688337,普源精电
sh688302,海创药业
sh688279,峰岹科技
sz301288,清研环境
sh688325,赛微微电
