source,author,title,description,url,urlToImage,publishedAt,content,Sentiment
"{'id': None, 'name': 'BBC News'}",,Watch moment man is swallowed by humpback whale,"Dell Simancas captures the moment his son, Adrián, is swallowed and spat out by a humpback whale.",https://www.bbc.com/news/videos/c2k5e14vwx4o,https://ichef.bbci.co.uk/news/1024/branded_news/be11/live/a60cb0e0-ea44-11ef-a319-fb4e7360c4ec.jpg,2025-02-13T20:08:28Z,"A humpback whale briefly trapped a kayaker in its mouth off Chilean Patagonia before quickly releasing him unharmed.
Adrián Simancas was kayaking with his father, Dell Simancas, when the massive wha… [+272 chars]",-0.5267
"{'id': 'wired', 'name': 'Wired'}",Dell Cameron,Federal Workers Sue to Disconnect DOGE Server,"Two federal workers, citing reports that Elon Musk’s associates are operating an illegally connected email server at OPM, seek a restraining order.",https://www.wired.com/story/federal-workers-sue-over-doge-server/,"https://media.wired.com/photos/67a17491c13704014688fa49/191:100/w_1280,c_limit/DOGE-Restraining-Order-Politics-2197495858.jpg",2025-02-04T16:24:19Z,Federal employees are seeking a temporary restraining order as part of a class action lawsuit accusing a group of Elon Musks associates of allegedly operating an illegally connected server from the f… [+3220 chars],-0.3818
"{'id': None, 'name': 'CNET'}",Mark Knapp,Dell XPS 8960 Desktop Review: Alienware in Disguise,"If you're looking for serious performance and subtle looks, don't miss Dell's latest sleeper.",https://www.cnet.com/tech/computing/dell-xps-8960-desktop-review-alienware-in-disguise/,https://www.cnet.com/a/img/resize/21da4b5d0427297c9f785f2d587324498808c8d0/hub/2025/02/12/df01589a-bbb7-464b-80bc-c4286c5e2f38/dell-xps-1-of-1.jpg?auto=webp&fit=crop&height=675&width=1200,2025-02-26T12:00:09Z,The XPS 8960 is a solid update to Dell's long-running XPS desktop line. It has tame looks that could blend in at an office but has optional performance upgrades that'll let it run games exceptionally… [+12620 chars],0.0772
"{'id': 'the-verge', 'name': 'The Verge'}",Andrew Liszewski,Anker’s new USB-C HDMI cable supports 140W fast charging,"Anker has released a new HDMI to USB-C cable that allows you to connect a mobile device to an external display without draining its battery. The Anker Nano USB-C to HDMI Cable Adapter, now available through Amazon for $28.99, is Thunderbolt 5 compatible and i…",https://www.theverge.com/news/619071/anker-nano-usb-c-hdmi-cable-adapter-140w-power,"https://platform.theverge.com/wp-content/uploads/sites/2/2025/02/anker_hdmi_2.jpg?quality=90&strip=all&crop=0,10.732984293194,100,78.534031413613",2025-02-25T18:48:34Z,"Connect your mobile device to a bigger screen without killing its battery in the process.
Connect your mobile device to a bigger screen without killing its battery in the process.
Anker has release… [+1640 chars]",0.7925
"{'id': 'the-verge', 'name': 'The Verge'}",Sean Hollister,‘We’re nowhere near done with Framework Laptop 16’ says Framework CEO,"Two years ago, the last time Framework had an event in San Francisco, California, the highlight was the Framework Laptop 16 — a laptop promising the “holy grail” of upgradable graphics cards, and easily one of the most ambitious laptops ever made. But today, …",https://www.theverge.com/news/619586/framework-laptop-16-update-one-key-but-not-done,https://platform.theverge.com/wp-content/uploads/sites/2/2025/02/1Z8A9946.webp?quality=90&strip=all&crop=0%2C10.732984293194%2C100%2C78.534031413613&w=1200,2025-02-26T01:33:05Z,"Two years ago, the last time Framework had an event in San Francisco, California, the highlight was the Framework Laptop 16 — a laptop promising the “holy grail” of upgradable graphics cards, and eas… [+2336 chars]",0.6249
"{'id': None, 'name': 'Digital Trends'}",Aaron Mamiit,Dell just slashed the price of the XPS 14 and XPS Desktop,"Whether you need a desktop PC or a laptop, you wouldn't want to miss the discounts that Dell is offering for the Dell XPS Desktop 8960 and the Dell XPS 14 9440.",https://www.digitaltrends.com/computing/dell-xps-desktop-8960-xps-14-9440-laptop-deal-dell-february-2025/,https://www.digitaltrends.com/wp-content/uploads/2024/02/dell-xps-14-review-08.jpg?resize=1200%2C630&p=1,2025-02-13T13:55:59Z,"Table of Contents
Table of Contents
Dell XPS Desktop 8960 — $1,060 $1,510 30% off
Dell XPS 14 9440 laptop — $1,700 $2,000 15% off
Whether you’re on the hunt for desktop computer deals or laptop d… [+2310 chars]",0.0
"{'id': None, 'name': 'heise online'}",Niklas Jan Engelking,Schluss mit Homeoffice: Dell holt seine Belegschaft zurück ins Büro,Computerhersteller Dell zieht der Remote-Arbeit den Stecker: CEO Michael Dell führt eine strenge Präsenzpflicht ein.,https://www.heise.de/news/Schluss-mit-Homeoffice-Dell-holt-seine-Belegschaft-zurueck-ins-Buero-10267108.html,https://heise.cloudimg.io/bound/1200x1200/q85.png-lossy-85.webp-lossy-85.foil1/_www-heise-de_/imgs/18/4/7/9/3/3/4/6/shutterstock_1944592321-0af199410a0f747f.jpg,2025-02-02T17:30:00Z,"Inhaltsverzeichnis
Schluss mit Homeoffice für die Dell-Belegschaft: In einer E-Mail ruft CEO Michael Dell Beschäftigte, die teilweise oder vollständig von zu Hause aus arbeiten, wieder fünf Tage die… [+2466 chars]",-0.8316
"{'id': 'the-verge', 'name': 'The Verge'}",Sean Hollister,Framework wants to fix the budget laptop with its first touchscreen machine,"Framework, the modular repairable computer company, says budget laptops generally suck — and it plans to fix that this year. Today, it’s previewing a computer called the Framework Laptop 12 that’ll be its smallest laptop yet, its first with a touchscreen, its…",https://www.theverge.com/news/618784/framework-laptop-12-touchscreen-convertible-announcement-release-date,https://platform.theverge.com/wp-content/uploads/sites/2/2025/02/FW12-Hero-TopDown-Bubblegum-withscreen.jpg?quality=90&strip=all&crop=0%2C10.732984293194%2C100%2C78.534031413613&w=1200,2025-02-25T19:10:58Z,"The product I started the company to create, says CEO.
The product I started the company to create, says CEO.
Framework, the modular repairable computer company, says budget laptops generally suck … [+2484 chars]",0.0772
"{'id': None, 'name': 'Digital Trends'}",Aaron Mamiit,This 14-inch Dell 2-in-1 laptop is on sale with a $250 discount,The Dell Inspiron 14 7440 2-in-1 laptop is a versatile device with decent performance from its Intel Core 5 120U processor. It's on sale from Dell at $250 off.,https://www.digitaltrends.com/computing/dell-inspiron-14-7440-2-in-1-laptop-deal-dell-february-2025/,https://www.digitaltrends.com/wp-content/uploads/2024/09/dell-inspiron-14-2-in-1-7445-display-e1727739100507.jpg?resize=1200%2C630&p=1,2025-02-17T23:49:59Z,"Are you having trouble deciding between laptop deals and tablet deals for your next device? You don’t have to choose between them if you go for the Dell Inspiron 14 7440 2-in-1 laptop, which you can … [+2000 chars]",-0.4019
"{'id': None, 'name': 'Digital Trends'}",Aaron Mamiit,Don’t miss this $300 discount for the new Dell XPS 13 laptop with Copilot,"The Dell XPS 13 9350, a Copilot+ laptop with the Intel Core Ultra 7 256V Series 2 processor and 16GB of RAM, is on sale from Dell at $300 off -- down to $1,160.",https://www.digitaltrends.com/computing/dell-xps-13-9350-laptop-deal-dell-january-2025/,https://www.digitaltrends.com/wp-content/uploads/2024/11/dell-xps-13-9350-front-angled-e1731357597725.jpg?resize=1200%2C630&p=1,2025-01-31T22:06:09Z,"Dell is an excellent source of laptop deals, and here’s one that you wouldn’t want to miss — the Dell XPS 13 9350 at $300 off, which brings its price down to a more affordable $1,160 from $1,460. We’… [+1882 chars]",0.5267
"{'id': None, 'name': 'Digital Trends'}",Aaron Mamiit,Need to upgrade your laptop? Get the Dell XPS 16 while it’s $500 off,"The Dell XPS 16 is a beautiful and powerful device, with an ultramodern aesthetic and the Intel Core Ultra 7 155H processor. It's on sale from Dell at $500 off.",https://www.digitaltrends.com/computing/dell-xps-16-laptop-deal-dell-february-2025/,https://www.digitaltrends.com/wp-content/uploads/2024/04/dell-xps-16-05.jpg?resize=1200%2C630&p=1,2025-02-26T21:59:33Z,"We highly recommend looking for Dell XPS deals if you want to upgrade your laptop, as these devices offer the perfect combination of function and style. Here’s an offer from Dell itself to consider: … [+1900 chars]",0.7778
"{'id': None, 'name': 'heise online'}",Dirk Knop,Angreifer können Dell Enterprise Sonic Distribution kompromittieren,"In Dells Enterprise Sonic Distribution können Angreifer eine Sicherheitslücke missbrauchen, um Geräte zu kompromittieren.",https://www.heise.de/news/Angreifer-koennen-Dell-Enterprise-Sonic-Distribution-kompromittieren-10261797.html,https://heise.cloudimg.io/bound/1200x1200/q85.png-lossy-85.webp-lossy-85.foil1/_www-heise-de_/imgs/18/4/7/9/0/3/2/1/2024-10-14-Bing_Creator-Appliance_brennt-1-5abcea7cfc0e5024.jpg,2025-01-30T09:55:00Z,"In Dells Enterprise Sonic Distribution hat das Unternehmen eine Sicherheitslücke entdeckt. Sie ermöglicht die vollständige Kompromittierung betroffener Systeme.
Dell Enterprise Sonic ist ein System … [+1680 chars]",-0.5994
"{'id': None, 'name': 'heise online'}",Dennis Schirrmacher,Sicherheitsupdates Dell: BIOS- und NetWorker-Lücke geschlossen,Angreifer können Dell-PCs und -Software attackieren. Im schlimmsten Fall kann Schadcode auf Geräte gelangen. Ein Patch ist aber bislang nicht verfügbar.,https://www.heise.de/news/Sicherheitsupdates-Dell-BIOS-und-NetWorker-Luecke-geschlossen-10285948.html,https://heise.cloudimg.io/bound/1200x1200/q85.png-lossy-85.webp-lossy-85.foil1/_www-heise-de_/imgs/18/4/8/0/3/1/8/2/shutterstock_1504494320-293af31631fe565f.jpg,2025-02-18T10:27:00Z,"Verschiedene Computermodelle von Dell, etwa aus der Alienware- und Inspiron-Serie, sind über eine BIOS-Schwachstelle attackierbar. Außerdem können Angreifer PCs mit der Backuplösung NetWorker attacki… [+1072 chars]",0.0
"{'id': None, 'name': 'Digital Trends'}",Nikki Dual,Dell Tech Days: Big Savings on AI-Ready PCs and More,"Image used with permission by copyright holder Good news if you’ve been waiting for the right time to , Dell Tech Days is offering deals that make waiting worth it. on top PCs, monitors, and accessories, plus 2x Dell Rewards. Pull the trigger and get yourself…",https://www.digitaltrends.com/computing/dell-tech-days-big-savings-on-ai-ready-pcs-and-more/,https://www.digitaltrends.com/wp-content/uploads/2025/02/Con-2.17-3.2.jpeg?resize=1200%2C630&p=1,2025-02-18T12:00:06Z,"Image used with permission by copyright holder
Good news if you’ve been waiting for the right time to upgrade your PC setup, Dell Tech Days is offering deals that make waiting worth it. on top PCs, … [+1935 chars]",0.6808
"{'id': None, 'name': 'heise online'}",Dennis Schirrmacher,Sicherheitsupdates: Zahlreiche Lücken gefährden Backup-Appliances von Dell,Mehrere Sicherheitslücken in Dells Data Domain Operating System machen Backup-Appliances der PowerProtect-Serie attackierbar.,https://www.heise.de/news/Sicherheitsupdates-Zahlreiche-Luecken-gefaehrden-Backup-Appliances-von-Dell-10267578.html,https://heise.cloudimg.io/bound/1200x1200/q85.png-lossy-85.webp-lossy-85.foil1/_www-heise-de_/imgs/18/4/7/9/3/5/7/4/shutterstock_1862075341-6d718db0475394c5.jpg,2025-02-03T10:45:00Z,"Admins, die Backups mit Dells PowerProtect managen, sollten aus Sicherheitsgründen aktuelle Versionen von Data Domain Operating System (DD OS) installieren. Geschieht das nicht, können Angreifer Syst… [+530 chars]",-0.5994
"{'id': None, 'name': 'heise online'}",Frank Schräer,"Montag: Dell mit weniger Homeoffice, Microsoft Paint mit mehr KI-Funktionen",Präsenzpflicht bei Dell + Paint bekommt Copilot-Button + AI Act verlangt KI-Kompetenz + GeForce-Upgrade langweilig wie Intel früher + Technik beim Hindu-Fest,https://www.heise.de/news/Montag-Dell-mit-weniger-Homeoffice-Microsoft-Paint-mit-mehr-KI-Funktionen-10267189.html,https://heise.cloudimg.io/bound/1200x1200/q85.png-lossy-85.webp-lossy-85.foil1/_www-heise-de_/imgs/18/4/7/9/3/3/8/7/monday-bf9ddbb3199eef47.webp,2025-02-03T05:15:00Z,"Computerhersteller Dell zieht der Remote-Arbeit den Stecker: CEO Michael Dell führt eine strenge Präsenzpflicht ein. Die Regelung soll ab März gelten, weil laut Dell keine Technologie auf der Welt so… [+6918 chars]",-0.5994
"{'id': None, 'name': 'Rock Paper Shotgun'}",Robert Anderson,"Dell has slashed the price on this excellent Alienware 27-inch gaming monitor, now down to just $200",Dell is currently offering an excellent 27-inch Alienware gaming monitor for just $200 in its latest round of discounts ready for Presidents Day. Read more,https://www.rockpapershotgun.com/dell-alienware-gaming-monitor-best-deal-cheap-27-aw2724dm-2025,https://assetsio.gnwcdn.com/alienware-monitor-deal-rps-2025-feb.png?width=1200&height=630&fit=crop&enable=upscale&auto=webp,2025-02-14T15:04:26Z,"Dell is currently offering an excellent 27-inch Alienware gaming monitor for just $200 in its latest round of discounts ready for Presidents Day.
The Alienware 27 QHD (AW2724DM) is a solid option fo… [+1669 chars]",0.7783
"{'id': None, 'name': 'Digital Trends'}",Aaron Mamiit,The powerful Alienware m18 R2 gaming laptop is $400 off,The powerful Alienware m18 R2 gaming laptop with the Nvidia GeForce RTX 4070 graphics card and 32GB of RAM is currently on sale from Dell with a $400 discount.,https://www.digitaltrends.com/computing/alienware-m18-r2-gaming-laptop-deal-dell-february-2025/,https://www.digitaltrends.com/wp-content/uploads/2024/03/Alienware-m18-R2-gaming-laptop.jpg?resize=1200%2C630&p=1,2025-02-07T20:05:40Z,"You shouldn’t pass up any discount when you’re shopping for gaming laptop deals on a premium device, as any form of savings is already a huge bonus. That’s exactly why you’re going to want to take ad… [+1919 chars]",0.7269
"{'id': None, 'name': 'Digital Trends'}",Aaron Mamiit,The Alienware x16 R2 gaming laptop with RTX 4080 is $600 off right now,The Alienware x16 R2 with the Nvidia GeForce RTX 4080 graphics card is $600 off from Dell. This gaming laptop will run the best PC games without any issues.,https://www.digitaltrends.com/computing/alienware-x16-r2-gaming-laptop-deal-dell-february-2025/,https://www.digitaltrends.com/wp-content/uploads/2025/02/Alienware-x16-R2-gaming-laptop.jpg?resize=1200%2C630&p=1,2025-02-03T22:02:17Z,"For an incredible experience at a reasonable price, consider gaming laptop deals from Dell, such as this offer for the Alienware x16 R2. This particular configuration with the Nvidia GeForce RTX 4080… [+1833 chars]",0.0
"{'id': None, 'name': 'Digital Trends'}",Aaron Mamiit,"The Alienware Aurora R16, our ‘best gaming PC,’ is on sale from Dell","The Alienware Aurora R16 gaming desktop with the Nvidia GeForce RTX 4070 Super graphics card and 32GB of RAM is on sale at $210 off from Dell, down to $2,000.",https://www.digitaltrends.com/computing/alienware-aurora-r16-gaming-pc-deal-dell-february-2025/,https://www.digitaltrends.com/wp-content/uploads/2023/10/alienware-aurora-r16-review-14.jpg?resize=1200%2C630&p=1,2025-02-19T00:00:36Z,"Are you planning to upgrade your gaming PC? You may want to check out Alienware deals, especially this one: a $210 discount from Dell for this particular configuration of the Alienware Aurora R16 tha… [+2009 chars]",0.0772
"{'id': None, 'name': 'Genbeta.com'}",Bárbara Bécares,"""A pesar de toda la tecnología, nada es más rápido que la interacción humana"": el CEO de Dell justifica el adiós al teletrabajo","El pasado año 2024 recogimos la noticia de diversos CEO que dieron un giro radical sobre el teletrabajo. En este caso era Michael Dell, quien se había mofado de la oficina para luego dar un ultimátum a sus empleados.
<!-- BREAK 1 -->
Un mes después de anuncia…",https://www.genbeta.com/actualidad/a-pesar-toda-tecnologia-nada-rapido-que-interaccion-humana-ceo-dell-justifica-adios-al-teletrabajo,https://i.blogs.es/dbda12/matthew-fournier-5nm32v14n6m-unsplash/840_560.jpeg,2025-01-31T15:13:36Z,"El pasado año 2024 recogimos la noticia de diversos CEO que dieron un giro radical sobre el teletrabajo. En este caso era Michael Dell, quien se había mofado de la oficina para luego dar un ultimátum… [+2304 chars]",0.0
"{'id': None, 'name': 'Phandroid - News for Android'}",Tyler Lee,Score Big Savings: 26% Off The 16-Inch Dell Inspiron Laptop,"Check out the latest laptop deal from Dell and get significant savings if you're seeking performance and style.
The post Score Big Savings: 26% Off The 16-Inch Dell Inspiron Laptop appeared first on Phandroid.",https://phandroid.com/2025/02/11/score-big-savings-26-off-the-16-inch-dell-inspiron-laptop/,https://phandroid.com/wp-content/uploads/2016/02/Dell-Venue-10-7000.jpg,2025-02-11T07:05:53Z,"If you’re in the market for a new laptop, now is an excellent time to consider the 16-inch Dell Inspiron. This Dell laptop is currently available for $699.99, offering a substantial 26% discount from… [+1114 chars]",0.6705
"{'id': None, 'name': 'Gizmodo.com'}",Joe Tilleli,"Dell’s Curved Gaming Monitor Falls Below $300, That’s $1,000 Less Than LG’s","Ultra-wide, ultra-fast, ultra-discounted—Dell’s 34-inch gaming monitor is $100 off now on Amazon.",https://gizmodo.com/dells-curved-gaming-monitor-falls-below-300-thats-1000-less-than-lgs-2000561970,https://gizmodo.com/app/uploads/2025/02/DellCurved.jpg,2025-02-11T15:55:48Z,"If you’re in the market for a new gaming monitor, consider going with something a bit ahead of the curve. Dell has a 34-inch curved monitor as part of a limited time deal and you can save 25% of your… [+2265 chars]",0.3182
"{'id': None, 'name': 'Windows Central'}",zacharylboddy@outlook.com (Zachary Boddy),Turns out I really value having an entire Thunderbolt 4 hub built into my monitor,The Dell UltraSharp 27 4K Thunderbolt Hub Monitor is an excellent productivity-focused display with a feature I didn't know I needed — a full Thunderbolt 4 hub.,https://www.windowscentral.com/accessories/monitors/dell-ultrasharp-27-4k-thunderbolt-hub-monitor-u2725qe-hands-on,https://cdn.mos.cms.futurecdn.net/zmrTj5YVfFzsf9Hj5bRbdP-1200-80.jpg,2025-02-25T14:00:00Z,"For many, the monitor is the core of the setup, tying together every device and peripheral. It's hard to get any work done without a good screen, and a great monitor can do a whole lot more than that… [+8888 chars]",0.3169
"{'id': None, 'name': 'CNET'}",Omar Gallaga,"Laptop Prices Increasing 10% Due to Tariffs, Acer CEO Says",The increase will likely be seen by US shoppers in March on the company's line of laptops.,https://www.cnet.com/tech/computing/laptop-prices-increasing-10-due-to-tariffs-acer-ceo-says/,https://www.cnet.com/a/img/resize/db51c56b4a14a3eda720612056f35fcfda37e524/hub/2024/12/06/a4e671a7-286f-445f-9233-04a5f18aaaa5/acer-nitro-16.jpg?auto=webp&fit=crop&height=675&width=1200,2025-02-19T16:42:16Z,"The effects of tariffs imposed by president Donald Trump on China will soon be felt by US computer shoppers: Acer says it will raise prices of laptops by 10 percent.
Jason Chen, CEO of the Taiwan-ba… [+1991 chars]",-0.0772
"{'id': 'business-insider', 'name': 'Business Insider'}",Tim Paradis,How far you live from work could determine your RTO,The US federal government and some companies consider a worker's distance from the office when deciding who must show up at the office.,https://www.businessinsider.com/where-you-live-workers-return-to-office-wfh-distance-rto-2025-2,https://i.insider.com/67a67ea47bb3f854015c436a?width=1200&format=jpeg,2025-02-10T19:28:15Z,"Some employers use distance in deciding how often workers must report to an office.Bim/Getty Images
<ul><li>Some employers require time in the office based on how far away a worker lives.</li><li>On… [+5398 chars]",0.0
"{'id': 'business-insider', 'name': 'Business Insider'}","Hugh Langley,Jyoti Mann",Mark Zuckerberg said he has no plans to change Meta's hybrid work policy: 'The status quo is fine',"In a meeting held Thursday, Meta's chief allayed fears of changes to the company's hybrid work policy.",https://www.businessinsider.com/mark-zuckerberg-says-no-change-meta-hybrid-work-rto-2025-1,https://i.insider.com/67862eae50dfd88e193e2eb5?width=1200&format=jpeg,2025-01-31T15:25:06Z,"Meta CEO Mark ZuckerbergAndrej Sokolow/picture alliance via Getty Images
<ul><li>Meta CEO Mark Zuckerberg told employees there will be no changes to the hybrid work policy.</li><li>In a meeting held… [+1974 chars]",-0.296
"{'id': None, 'name': 'Golem.de'}",Oliver Nickel,600 Milliarden Dollar Verlust: Rekordeinbruch bei Nvidia-Aktie,"Die Nvidia-Aktie ist durch den Hype um Deepseek enorm gefallen. Unternehmen wie Oracle und Dell betrifft das ebenfalls. (Nvidia, Grafikkarten)",https://www.golem.de/sonstiges/zustimmung/auswahl.html?from=https%3A%2F%2Fwww.golem.de%2Fnews%2F600-milliarden-dollar-verlust-rekordeinbruch-bei-nvidia-aktie-2501-192798.html&referer=https%3A%2F%2Ft.co%2F75d5673fda,,2025-01-28T09:21:02Z,"Besuchen Sie Golem.de wie gewohnt mit Werbung und Tracking,
 indem Sie der Nutzung aller Cookies zustimmen.
 Details zum Tracking finden Sie im Privacy Center.
Skript wurde nicht geladen. Informat… [+607 chars]",0.0
"{'id': None, 'name': 'CNET'}",Mark Knapp,Lenovo Legion Tower 7i Gen 8 Review: Maxing Out on Performance and Value,"There are some minor areas this gaming desktop could have improved, but overall, it's a comely beast ready for serious gaming.",https://www.cnet.com/tech/computing/lenovo-legion-tower-7i-gen-8-review-maxing-out-on-performance-and-value/,https://www.cnet.com/a/img/resize/6a300dc870033862d8a535836d6135c8b8913460/hub/2025/02/17/e8a05577-d675-44d6-b1a7-d05f146e3433/lenovo-legion-tower-7i-gen-8-34irz8-3-of-6.jpg?auto=webp&fit=crop&height=675&width=1200,2025-02-19T13:00:07Z,"While building your own PC can often be the most cost-effective way to get a powerful gaming PC, it comes with its own share of hurdles. Some PC makers, however, have pre-built computers that can com… [+14052 chars]",0.6124
"{'id': None, 'name': 'Journal du geek'}",Journal du Geek,"À ce tarif ultra avantageux, cet ordinateur portable Dell est l’affaire du jour sur Amazon","En ce moment, Amazon propose le Dell Inspiron 15 à un tarif très attractif. C'est donc le moment idéal si vous souhaitez vous équiper d'un nouveau PC portable performant, qui justifie d'un bon rapport qualité-prix.",https://www.journaldugeek.com/bon-plan/a-ce-tarif-ultra-avantageux-cet-ordinateur-portable-dell-est-laffaire-du-jour-sur-amazon/,https://www.journaldugeek.com/app/uploads/2024/07/Dell-Inspiron-15.jpg,2025-02-10T10:52:40Z,"Dell est réputé pour proposer des ordinateurs portables de qualité. C’est notamment le cas du Dell Inspiron 15 (3520), qui offre des performances suffisantes pour assurer avec fluidité tous les usage… [+3427 chars]",0.2263
"{'id': None, 'name': 'Artemis.sh'}",Artemis Everfree,Defragging my old Dell's UEFI NVRAM,"I’m setting up an old Dell box (2011-era tech). I was migrating to some new boot drives and setting up grub on them again. Got to the point of deleting the old boot entries and adding new ones, and got an error like Could not prepare boot variable: No space l…",https://artemis.sh/2025/02/22/uefi-nvram-defrag.html,,2025-02-23T23:23:04Z,"2025-02-22
Im setting up an old Dell box (2011-era tech). I was migrating to some new boot
drives and setting up grub on them again. Got to the point of deleting the old
boot entries and adding ne… [+1226 chars]",0.0
"{'id': None, 'name': 'Theregister.com'}",Brandon Vigliarolo,Laptop makers stalled on repairability improvements,"Apple, Dell made some progress, but MacBooks are still the worst to crack open, says PIRG
The right to repair movement has gained momentum, yet laptop makers have largely stalled on improving repairability.…",https://www.theregister.com/2025/02/20/laptop_manufacturers_repairability/,https://regmedia.co.uk/2022/05/20/shutterstock_repair.jpg,2025-02-20T18:18:13Z,"The right to repair movement has gained momentum, yet laptop makers have largely stalled on improving repairability.
The Public Interest Research Group, a US-based non-profit that's long been part o… [+5053 chars]",0.765
"{'id': None, 'name': 'Slickdeals.net'}",iconian,Dell Coupon: 30% Off Refurbished Dell Latitude 5420 Laptops (Various Specs) From $216.30 + Free Shipping,"deal [dellrefurbished.com]
in cart, apply coupon code WOW5420 for extra 30% off already discounted prices. Prices start from $216.30 + free s/h and will depend on config and specs100 day warranty (det",https://slickdeals.net/f/18127075-dell-refurbished-dell-latitude-5420-laptops-various-specs-from-216-free-shipping?utm_source=rss&utm_content=fp&utm_medium=RSS2,https://slickdeals.net/attachment/9/5/3/2/3/450x450/17111212.thumb,2025-02-19T03:26:48Z,Horrific experiences with two separate Dell Latitude 5-series Grade A laptop purchases. Don't take my word (or photos) as evidence. Check Reddit for comments from I.T. managers who bought these it lo… [+1160 chars],-0.6597
"{'id': None, 'name': 'Rock Paper Shotgun'}",Christian Wait,"I found the best Presidents' Day deals on gaming rigs, including $900 off a RTX 4090 laptop and more","Presidents' Day brings a wave of discounts on gaming laptops, desktops, and more, making it a great time to upgrade or invest in a new machine. Whether you're after raw performance, high refresh rates, or a balance of power and portability, there are plenty o…",https://www.rockpapershotgun.com/best-presidents-day-deals-pc-gaming-2025,https://assetsio.gnwcdn.com/main_ZUcdJ1y.jpg?width=1200&height=630&fit=crop&enable=upscale&auto=webp,2025-02-17T12:33:48Z,"Presidents' Day brings a wave of discounts on gaming laptops, desktops, and more, making it a great time to upgrade or invest in a new machine. Whether you're after raw performance, high refresh rate… [+3702 chars]",0.6249
"{'id': None, 'name': 'Digital Trends'}",Jennifer Allen,"This RTX 4070 Super-powered Alienware PC is on sale for under $1,800","The Alienware Aurora R16 remains one of the best gaming PCs around at the moment and it's currently on sale for $1,800 right now. Here's why you'll love it.",https://www.digitaltrends.com/computing/alienware-aurora-r16-gaming-desktop-pc-deal-dell-january-2025/,https://www.digitaltrends.com/wp-content/uploads/2023/10/alienware-aurora-r16-review-14.jpg?resize=1200%2C630&p=1,2025-01-31T13:03:38Z,"For great gaming PC deals, head to Dell, where the company is cutting the prices of many of its GeForce RTX 40-series gaming PCs ahead of the launch of new graphics cards. Right now, you can buy the … [+2049 chars]",0.5574
"{'id': None, 'name': 'Gizmodo.com'}","Joseph Winters, Grist",Starbucks Quietly Phases Out Plastic Cups at 580 Stores. Here’s Why.,Green groups say it’s a “clear admission” that plastic cups aren’t recyclable.,https://gizmodo.com/starbucks-quietly-phases-out-plastic-cups-at-580-stores-heres-why-2000568109,https://gizmodo.com/app/uploads/2025/02/Starbucks-Plastic-Cups.jpg,2025-02-25T16:25:06Z,"Starbucks customers across hundreds of locations in the United States started their weeks off with a surprise: Their beloved Frappuccinos and iced espresso drinks served in paper cups, not plastic.
… [+8303 chars]",0.802
"{'id': None, 'name': 'Slickdeals.net'}",iconian,"32"" Dell S3222DGM 2560x1440 165Hz 1ms VA FreeSync Curved Gaming Monitor $195.50 + Free Shipping","Dell has *32"" Dell 2560x1440 165Hz 1ms VA FreeSync Curved Gaming Monitor* (S3222DGM) on sale for $229.99 - $34.50 (15%) off when you apply promo code MONITORS15 on the checkout page = *$195.49*....",https://slickdeals.net/f/18082537-32-dell-s3222dgm-2560x1440-165hz-1ms-va-freesync-curved-gaming-monitor-195-50-free-shipping?utm_source=rss&utm_content=fp&utm_medium=RSS2,https://slickdeals.net/attachment/9/5/3/2/3/450x450/17003611.thumb,2025-01-28T03:21:44Z,"This collaborative space allows users to contribute additional information, tips, and insights to enhance the original deal post. Feel free to share your knowledge and help fellow shoppers make infor… [+26 chars]",0.8591
"{'id': None, 'name': 'Windows Central'}",c.cale.hunt@gmail.com (Cale Hunt),Skip RTX 5080 — grab yourself a heavily discounted RTX 40-series laptop instead,"NVIDIA's next-gen GPUs launch on January 30, and retailers are clearing out RTX 40-series laptops. I found 5 great deals on some of our favorite gaming laptops.",https://www.windowscentral.com/hardware/laptops/rtx-40-series-laptop-deals-rtx-5000,https://cdn.mos.cms.futurecdn.net/pEJQmtgWFfCyvY3GcH9qTN-1200-80.jpg,2025-01-28T15:26:52Z,"Alienware m16 R2Was: $1,999.99Now: $1,599.99 at Dell
""This laptop provides some of the smoothest gaming sessions I've ever experienced, thanks to its powerful RTX 40-Series GPU and Intel Core Ultra … [+869 chars]",0.6908
"{'id': None, 'name': 'Impress.co.jp'}",劉 尭,デル、Core Ultraシリーズ2搭載の個人向けデスクトップ,デル・テクノロジーズは、“Dell”ブランド初となるデスクトップPC「Dell タワー Plus(EBT2250)」、「Dell 24 オールインワン(EC24250)」、「Dell 27 オールインワン(EC27250)」を発売した。,https://pc.watch.impress.co.jp/docs/news/1663950.html,https://pc.watch.impress.co.jp/img/pcw/list/1663/950/1.jpg,2025-02-19T01:49:05Z,"Dell Plus(EBT2250)
 Dell Plus(EBT2250)CPUCore Ultra2GeForce RTX 40120mm22% 
 CPUCore Ultra 7 26516GB1TB SSDGeForce RTX 4060460W254,900 
 Core Ultra 9 285K64GB2TB SSDGeForce RTX 4060 Ti1,000W455,90… [+567 chars]",0.0
"{'id': None, 'name': 'Slickdeals.net'}",PurpleTank134,"27"" Dell S2722QC 3840x2160 4K UHD 65W USB-C Power Delivery IPS LED Monitor $220 + Free Shipping","Dell S2722QC 27″ 4K Monitor, AMD FreeSync, USB-C, Silver - $220 
 
https://www.amazon.com/dp/B09DTDRJWP",https://slickdeals.net/f/18111295-dell-s2722qc-27-4k-monitor-amd-freesync-usb-c-silver-220-at-amazon?utm_source=rss&utm_content=fp&utm_medium=RSS2,https://slickdeals.net/attachment/2/8/4/5/3/2/3/4/450x450/17069905.thumb,2025-02-11T02:08:22Z,"This collaborative space allows users to contribute additional information, tips, and insights to enhance the original deal post. Feel free to share your knowledge and help fellow shoppers make infor… [+26 chars]",0.8591
"{'id': None, 'name': 'Xataka.com'}",Javier Pastor,"Los inventos del CES, diez años después: cuántas cosas de las que presentaron entonces han llegado a nuestras vidas","Qué jovenes éramos todos hace diez años. Qué diferente era todo, también en tecnología. ¿Que cómo de diferente? Una buena forma de entenderlo es echar un vistazo a los grandes productos y tendencias que se presentaron en el CES 2015. La feria por excelencia d…",https://www.xataka.com/moviles/inventos-ces-diez-anos-despues-cuantas-cosas-que-presentaron-entonces-han-llegado-a-nuestras-vidas,https://i.blogs.es/bc3dc5/ces2015/840_560.jpeg,2025-02-18T07:00:29Z,"Qué jovenes éramos todos hace diez años. Qué diferente era todo, también en tecnología. ¿Que cómo de diferente? Una buena forma de entenderlo es echar un vistazo a los grandes productos y tendencias … [+9145 chars]",0.0
"{'id': None, 'name': 'Slickdeals.net'}",phoinix,"27"" Dell 180Hz 1440p Gaming Monitor (G2725D) $130 + Free Shipping","Amazon [amazon.com] has *27"" Dell G2725D QHD Gaming Monitor *(2560x1440, 180Hz) for *$129.99*. *Shipping is free*. 
 
*Price:* 
*$70* lower (35% savings) than the list price of *$199.99* 
*$20* lower...",https://slickdeals.net/f/18110512-129-99-27-dell-g2725d-qhd-gaming-monitor-2560x1440-180hz-at-amazon?utm_source=rss&utm_content=fp&utm_medium=RSS2,https://slickdeals.net/attachment/1/1/7/1/5/2/7/450x450/17067778.thumb,2025-02-10T17:54:40Z,"This collaborative space allows users to contribute additional information, tips, and insights to enhance the original deal post. Feel free to share your knowledge and help fellow shoppers make infor… [+26 chars]",0.8591
"{'id': 'die-zeit', 'name': 'Die Zeit'}",ZEIT ONLINE: News -,Notfall vor der Küste Chiles: Kajakfahrer von Buckelwal verschluckt und wieder ausgespuckt,Hier finden Sie Informationen zu dem Thema „Notfall vor der Küste Chiles“. Lesen Sie jetzt „Kajakfahrer von Buckelwal verschluckt und wieder ausgespuckt“.,https://www.zeit.de/news/2025-02/14/kajakfahrer-von-buckelwal-verschluckt-und-wieder-ausgespuckt,https://img.zeit.de/news/2025-02/14/kajakfahrer-von-buckelwal-verschluckt-und-wieder-ausgespuckt-image-group/wide__1300x731,2025-02-14T05:57:05Z,Ein Buckelwal hat einen 24 Jahre alten Kajakfahrer vor der südlichen Küste Chiles mitsamt seinem Boot verschluckt und wenige Sekunden später wieder lebend ausgespuckt. Der Vater von Adrián Simancas f… [+1374 chars],0.0
"{'id': None, 'name': 'Habr.com'}",Dmytro_Kikot (ua-hosting.company),"Искра, управляемая ультразвуком","В истории человека полно изобретений и открытий, которые так или иначе повлияли на мир, но лишь некоторые могут считаться фундаментальными, чье появление его кардинально изменило. Одним из таких открытий стало электричество, без которого тяжело представить се…",https://habr.com/ru/companies/ua-hosting/articles/881026/#post-content-body,https://habr.com/share/publication/881026/15177ac2fb2bb853cc412663b06f447e/,2025-02-12T08:05:10Z,", , , . , . , , , . . , , , . () , . , , ? .
. , , , , . , , , .. -, - . , . , . , .
. . , , .
1987 «Behavior of Electric Discharge in Ultrasonic Field» , , . «Power ultrasound interaction with DC… [+892 chars]",0.0
"{'id': None, 'name': 'Gizmodo.jp'}",ヤマダユウス型,新生活はPCで差をつけろ。ロケットスタートが決められる「AI PC」はこれだ,Photo:ギズモード編集部2025年も、もうすぐ新生活のシーズンがやって来ようとしています。新しい学校、新しい会社。心も環境も心機一転！そんなタイミングで気になってくるものといえば新しいPCでしょう。進学や就職のタイミングはPCを新調する時期としてもうってつけ。お祝いにプレゼントしようと考えている方も多いのでは。特に持って動けるノートPCが欲しいよねぇ。で、いまのノートPCのトレンドは何と言って,https://www.gizmodo.jp/2025/01/aipc-flow-chart.html,https://media.loom-app.com/gizmodo/dist/images/2025/01/20/250120_aipc.jpg?w=1280&h=630&f=jpg,2025-01-31T08:00:00Z,"2025
PCPCPC
PCAI PCAIPC
® Core Ultra Core UltraNPUAI
AI
AI
AI PC
AI PC
AI PC
AI PCAI
AI PCAI PC
AI PC 13
YES/NOAI PC
13AI PC
13AI PCAI PC
THIRDWAVE DX-L7LA
® Core Ultra AI PC
16
180… [+471 chars]",0.0
"{'id': None, 'name': 'Slickdeals.net'}",Eragorn,"27"" Alienware AW2724DM 165Hz 1440p FreeSync Premium Pro IPS Gaming Monitor $200 + Free Shipping","*Amazon [amazon.com]* has *27"" Alienware QHD 1440p IPS FreeSync Premium Pro Gaming Monitor* (AW2724DM) on sale for *$199.99. Shipping is free.* 
*Dell Technologies* [dell.com] has *27"" Alienware QHD...",https://slickdeals.net/f/18098227-27-alienware-165hz-1440p-freesync-premium-pro-ips-gaming-monitor-200-free-shipping?utm_source=rss&utm_content=fp&utm_medium=RSS2,https://slickdeals.net/attachment/1/4/8/5/3/3/0/450x450/17036662.thumb,2025-02-04T06:10:40Z,"This collaborative space allows users to contribute additional information, tips, and insights to enhance the original deal post. Feel free to share your knowledge and help fellow shoppers make infor… [+26 chars]",0.8591
"{'id': 'business-insider', 'name': 'Business Insider'}",Lisa Ryan,Aviation experts have been warning about the risk of a passenger aircraft collision for years,"""Our whole air traffic control system has been blinking red, screaming at us that we've got it overloaded,"" one expert told BI.",https://www.businessinsider.com/why-aviation-experts-warning-plane-collision-years-conjestion-american-airlines-2025-1,https://i.insider.com/679cbbbf7bb3f854015b499b?width=1024&format=jpeg,2025-01-31T12:41:29Z,"Emergency equipment stages at Gravelly Point, north of Ronald Reagan Washington National Airport, along the Potomac River, Wednesday, Jan. 29, 2025, in Arlington, Va.AP Photo/Mark Schiefelbein
<ul><… [+9208 chars]",-0.5423
"{'id': None, 'name': 'Slickdeals.net'}",Eragorn,"32"" Dell G3223Q 4K UHD 144Hz 1ms FreeSync IPS Monitor $440 + Free Shipping","*Amazon [amazon.com]* has *32"" Dell G3223Q IPS 4K 144Hz AMD FreeSync NVIDIA G-SYNC Compatible Gaming Monitor* for *$439.98*. *Shipping is free*.",https://slickdeals.net/f/18114634-32-dell-ips-4k-144hz-amd-freesync-nvidia-g-sync-compatible-gaming-monitor-439-98-free-shipping?utm_source=rss&utm_content=fp&utm_medium=RSS2,https://slickdeals.net/attachment/1/4/8/5/3/3/0/450x450/17078086.thumb,2025-02-12T11:51:07Z,"This collaborative space allows users to contribute additional information, tips, and insights to enhance the original deal post. Feel free to share your knowledge and help fellow shoppers make infor… [+26 chars]",0.8591
"{'id': None, 'name': 'Xataka.com'}",Miguel Jorge,"Si te pasa como al joven que se lo tragó una ballena en Chile, tranquilo. La ciencia dice que no hay nada que temer","Pocas criaturas marinas despiertan tanta expectación como las ballenas jorobadas. Su inmensidad, en el sentido más amplio de la palabra, explican por sí solo la fascinación por ellas. A finales del año pasado un ejemplar fue noticia tras recorrerse 13.000 km …",https://www.xataka.com/ecologia-y-naturaleza/te-pasa-como-al-joven-que-se-trago-ballena-chile-tranquilo-ciencia-dice-que-no-hay-nada-que-temer,https://i.blogs.es/fb46cb/ps---plantilla-portadas-xtk-330/840_560.jpeg,2025-02-17T11:00:29Z,"Pocas criaturas marinas despiertan tanta expectación como las ballenas jorobadas. Su inmensidad, en el sentido más amplio de la palabra, explican por sí solo la fascinación por ellas. A finales del a… [+5861 chars]",0.0
"{'id': None, 'name': 'PetaPixel'}",Kate Garibaldi,Viral Video Shows Humpback Whale Briefly Swallow Kayaker,"A viral video shows a father-son excursion gone wrong as a humpback whale briefly swallowed the son while kayaking off the coast of Chile.
[Read More]",https://petapixel.com/2025/02/14/viral-video-shows-humpback-whale-briefly-swallow-kayaker/,https://petapixel.com/assets/uploads/2025/02/Humpback-Whale-PetaPixel-Background.jpg,2025-02-14T18:03:32Z,"A viral video shows a father-son excursion gone wrong as a humpback whale briefly swallowed the son while kayaking off the coast of Chile.
On Saturday, February 8, 2025, Adrián Simancas and his fath… [+2369 chars]",-0.4767
"{'id': None, 'name': 'Faz.net'}",marf./dpa,Buckelwal verschluckt Kajakfahrer und spuckt ihn wieder aus,"Der junge Mann dachte, dass er sterben würde. Sein Vater filmte den Vorfall vor der Küste Chiles.",https://www.faz.net/aktuell/gesellschaft/wal-verschluckt-kajakfahrer-und-spuckt-ihn-wieder-aus-110296169.html,https://media1.faz.net/ppmedia/aktuell/gesellschaft/153401036/1.10296171/facebook_teaser/ein-buckelwal-vor-der-kueste.jpg,2025-02-14T05:54:36Z,"Eine Geschichte, die man noch den Enkelkindern erzählen kann: Ein Buckelwal hat einen Kajakfahrer vor der südlichen Küste Chiles mitsamt seinem Boot verschluckt und wenige Sekunden später wieder lebe… [+1289 chars]",-0.5994
"{'id': None, 'name': 'PCWorld'}",Author: Matthew S. Smith,Dell Ultrasharp U3225QE review: The best home office monitor yet,"At a glanceExpert's Rating


Pros

<ul>
<li>Functional, professional design</li>



<li>Thunderbolt 4, USB-C, Ethernet, and 140 watts of Power Delivery</li>



<li>New generation of IPS Black boosts contrast ratio</li>



<li>Excellent sharpness from 31.5-i…",https://www.pcworld.com/article/2618102/dell-ultrasharp-u3225qe-review-the-best-home-office-monitor-yet.html,https://www.pcworld.com/wp-content/uploads/2025/02/dell-u3225qe.jpg?quality=50&strip=all&w=1024,2025-02-25T14:00:00Z,"Skip to contentType your search and hit enter
When you purchase through links in our articles, we may earn a small commission. This doesn't affect our editorial independence
.
At a glance<ul><li>F… [+16518 chars]",0.0
"{'id': None, 'name': 'ComputerBase'}",Nicolas La Rocco,Ab 999 Euro: Dell Plus 14/16 sind die ersten Notebooks mit neuem Branding,"Die CES im Januar war für Dell die Bühne eines vollständig neuen Brandings aller Desktop- und Notebook-Baureihen. Statt XPS, Latitude, Inspiron, Precision und OptiPlex gibt es jetzt drei neue Klassen: Dell, Dell Pro und Dell Pro Max – jeweils mit drei Abstufu…",https://www.computerbase.de/news/notebooks/ab-999-euro-dell-plus-14-16-sind-die-ersten-notebooks-mit-neuem-branding.91460/,https://pics.computerbase.de/1/1/6/1/5/7-b17216e3f82a7e3b/article-1280x720.c8f5f448.jpg,2025-02-18T15:45:00Z,"Die CES im Januar war für Dell die Bühne eines vollständig neuen Brandings aller Desktop- und Notebook-Baureihen. Statt XPS, Latitude, Inspiron, Precision und OptiPlex gibt es jetzt drei neue Klassen… [+1510 chars]",-0.9136
"{'id': None, 'name': 'Frandroid'}",Mélanie Capelli,"Ce récent Dell XPS 13 généreusement équipé (Ultra 7, 32 Go RAM, 1 To SSD) perd 350 € de son prix sur Amazon","Avec son look attrayant, sa légèreté et sa puce Intel Core Ultra, le récent Dell XPS (9350) est capable de répondre au mieux aux exigences des utilisateurs et des utilisatrices. Plutôt onéreux, il est possible d'économiser 350 euros sur le modèle de 2024.",https://www.frandroid.com/bons-plans/2502425_ce-recent-dell-xps-13-genereusement-equipe-ultra-7-32-go-ram-1-to-ssd-perd-350-e-de-son-prix-sur-amazon,"https://c0.lestechnophiles.com/images.frandroid.com/wp-content/uploads/2025/02/dell-xps-13-9350-2024-1200x675-1.jpg?resize=1600,900&key=8124c2cd&watermark",2025-02-12T10:37:51Z,"Avec son look attrayant, sa légèreté et sa puce Intel Core Ultra, le récent Dell XPS (9350) est capable de répondre au mieux aux exigences des utilisateurs et des utilisatrices. Plutôt onéreux, il es… [+2950 chars]",0.3818
"{'id': None, 'name': 'Hdblog.it'}",HDblog.it,NASA si prepara a un anno di lanci e traguardi spaziali | Ecco le missioni del 2025,Dalla ricerca dellacqua sulla Luna allo studio delle trasformazioni delluniverso: le missioni in arrivo,https://www.hdblog.it/tecnologia/articoli/n607016/nasa-jpl-missioni-2025/,https://hd2.tudocdn.net/1228290?w=1920,2025-01-29T16:15:00Z,"Il Jet Propulsion Laboratory (JPL) della NASA si sta preparando a un anno molto intenso, poiché è previsto il lancio di diverse missioni spaziali e il raggiungimento di importanti traguardi. Nonostan… [+2565 chars]",0.0
"{'id': None, 'name': 'Theregister.com'}",Iain Thomson,Sophos sheds 6% of staff after swallowing Secureworks,"De-dupes some roles, hints others aren't needed as the infosec scene shifts
Nine days after completing its $859 million acquisition of managed detection and response provider Secureworks, Sophos has laid off around six percent of its staff.…<!--#include virtu…",https://www.theregister.com/2025/02/13/sophos_secureworks_layoff/,https://regmedia.co.uk/2025/02/12/shutterstock_sophos.jpg,2025-02-13T00:34:57Z,"Nine days after completing its $859 million acquisition of managed detection and response provider Secureworks, Sophos has laid off around six percent of its staff.
In a statement to The Register, t… [+2455 chars]",0.0
"{'id': None, 'name': 'Frandroid'}",Benjamin Barois,"Dell Inspiron 7440 : écran 2,8K 120 Hz et Intel Core Ultra 7 pour un super prix sont au programme","Dell frappe fort avec son PC portable Inspiron 7440 qui a tout pour séduire le plus nomade des utilisateurs : un écran 2,8K Dolby Vision, un son Dolby Atmos, 120 images par seconde et prêt pour utiliser l'IA, tout ça avec 200 euros de moins sur Amazon.",https://www.frandroid.com/bons-plans/2501663_dell-inspiron-7440-ecran-28k-120-hz-et-intel-core-ultra-7-pour-un-super-prix-sont-au-programme,"https://c0.lestechnophiles.com/images.frandroid.com/wp-content/uploads/2025/02/dell-inspiron-7440.png?resize=1600,900&key=9261e7ec&watermark",2025-02-11T17:39:00Z,"Dell frappe fort avec son PC portable Inspiron 7440 qui a tout pour séduire le plus nomade des utilisateurs : un écran 2,8K Dolby Vision, un son Dolby Atmos, 120 images par seconde et prêt pour utili… [+3409 chars]",0.128
"{'id': None, 'name': 'Frandroid'}",Noémie Koskas,"Ce moniteur gaming incurvé (34″, WQHD et 144 Hz) a droit à une belle réduction sur Amazon","Les joueurs aguerris visent toujours des écrans PC bien réactifs et fluides. Ceux-là devraient donc être satisfaits du Dell S3422DWG, qui coche bien des cases, et qu'on trouve en ce moment à 389,99 euros au lieu de 449 euros sur Amazon.",https://www.frandroid.com/bons-plans/2502603_ce-moniteur-gaming-incurve-34-wqhd-et-144-hz-a-droit-a-une-belle-reduction-sur-amazon,"https://c0.lestechnophiles.com/images.frandroid.com/wp-content/uploads/2025/02/dell-s3422dwg-1200x675-1.jpg?resize=1600,900&key=6f8c8d9d&watermark",2025-02-12T17:11:00Z,"Les joueurs aguerris visent toujours des écrans PC bien réactifs et fluides. Ceux-là devraient donc être satisfaits du Dell S3422DWG, qui coche bien des cases, et qu’on trouve en ce moment à 389,99 e… [+2972 chars]",0.0
"{'id': None, 'name': 'Habr.com'}",DimDimDimDimDim (Selectel),Новый рекорд емкости: жесткие диски на 36 ТБ уже в продаже,"Компания Seagate начала поставки новейших жестких дисков емкостью 36 ТБ избранным клиентам. Эти HDD стали самыми емкими в мире среди серийно производимых моделей. Кроме того, Seagate удалось достичь плотности записи в 6 ТБ на одной пластине, что открывает пут…",https://habr.com/ru/companies/selectel/articles/878423/#post-content-body,https://habr.com/share/publication/878423/5e26166ad93387cc12c1f83934b4b46b/,2025-02-01T12:01:35Z,"Seagate 36 . HDD . , Seagate 6 , 60 . . Seagate
Seagate 36 . , Seagate. 2024 32- HDD, Western Digital, . 
Western Digital 11 , Seagate 10, . 32 , Mozaic 3+. : 
<ul><li> HAMR (Heat Assisted Magneti… [+989 chars]",0.0
"{'id': None, 'name': 'Hdblog.it'}",HDblog.it,Acque superficiali sempre più inquinate da agenti chimici: azioni e soluzioni,"Nonostante lattenzione dellUE sulla qualità dellacqua, i fiumi, i laghi e le coste continuano a registrare alti livelli di inquinamento.",https://www.hdblog.it/green/articoli/n607782/inquinamento-chimico-acque-europa/,https://hd2.tudocdn.net/1202148?w=1920,2025-02-05T12:30:00Z,"Scarichi industriali, agricoltura intensiva, deforestazione, versamenti di petrolio e plastica sono solo alcune delle cause dell’inquinamento di laghi, fiumi e coste. Questo fenomeno ha conseguenze e… [+2786 chars]",0.34
"{'id': None, 'name': 'heise online'}",Lutz Labs,Hard disk fraud: long runtimes on new Seagate hard disks,Almost 200 readers have now noticed long runtimes on their new Seagate hard disks. Reports from abroad are also increasing.,https://www.heise.de/en/news/Hard-disk-fraud-Increasing-evidence-of-origin-in-China-10269059.html,https://heise.cloudimg.io/bound/1200x1200/q85.png-lossy-85.webp-lossy-85.foil1/_www-heise-de_/imgs/18/4/7/9/4/3/3/8/Seagate_Exos_X_16_TB_neu-006aa327ee092b58-f617d8a63073923f.jpeg,2025-02-09T14:50:11Z,"Contents
Recently, many online retailers have sent out Seagate hard disks as new that have already been running somewhere for many, manyhours. As yet unknown fraudsters had reset the SMART values of… [+3766 chars]",0.3254
"{'id': None, 'name': 'Xuanwo.io'}",Xuanwo,AWS S3 SDK breaks its compatible services,Achieving Data Freedom Through Open Source and Rust,https://xuanwo.io/links/2025/02/aws_s3_sdk_breaks_its_compatible_services/,,2025-02-20T18:54:44Z,"The Apache Iceberg community has raised a PR S3: Disable strong integrity checksums to disable the newly introduced integrity checksums in AWS S3 SDKs.
AWS has introduced default data integrity prot… [+2012 chars]",0.8779
"{'id': None, 'name': 'Creative Bloq'}",Ian Evenden,Dell Inspiron 14 (5441) review: cut-price Snapdragon performance,Dell’s final Inspiron prioritises battery life over graphics performance.,https://www.creativebloq.com/tech/laptops/dell-inspiron-14-5441-review-cut-price-snapdragon-performance,https://cdn.mos.cms.futurecdn.net/C6htuhgR3JbZzzrThDYDH4-1200-80.jpg,2025-02-12T15:31:03Z,"This may be the last Inspiron we see, as the name is being retired by Dell along with XPS and Latitude, but it’s a good way for the consumer-focused brand to go out. With its low-end Snapdragon proce… [+11753 chars]",0.5927
"{'id': None, 'name': 'Xataka.com'}",Rubén Andrés,DeepSeek ha soplado el castillo de naipes de la IA: los millonarios tecnológicos han perdido 108.000 millones en un solo día,"Basta echar un vistazo a la lista de mayores fortunas del mundo para darse cuenta de que, de una forma u otra, la IA es el denominador común que ha catapultado a estas fortunas a los niveles actuales.
<!-- BREAK 1 -->
Sin embargo, el terremoto provocado por D…",https://www.xataka.com/robotica-e-ia/108-000-millones-dolares-se-han-esfumado-dia-ia-ha-creado-imperios-deepseek-ha-puesto-jaque,https://i.blogs.es/8becc6/millonarios/840_560.jpeg,2025-01-28T13:31:13Z,"Basta echar un vistazo a la lista de mayores fortunas del mundo para darse cuenta de que, de una forma u otra, la IA es el denominador común que ha catapultado a estas fortunas a los niveles actuales… [+3208 chars]",0.34
"{'id': None, 'name': 'Clubic'}",Naïm Bada,Musk s'allie à Dell pour l'expansion de son supercalculateur Colossus,"Un contrat colossal de 5 milliards de dollars pourrait sceller un partenariat majeur entre xAI et Dell. L'objectif ? Doper la puissance de calcul du supercalculateur Colossus, fer de lance du développement de l'intelligence artificielle d'Elon Musk.",https://www.clubic.com/actualite-554691-musk-s-allie-a-dell-pour-l-expansion-de-son-supercalculateur-colossus.html,https://pic.clubic.com/v1/images/2280537/raw,2025-02-24T05:55:00Z,"Ça sera récupéré à bas prix par des boîtes ayant des besoins en IA mais pas le budget pour du neuf.
Ça ne se retrouvera pas sur le marché grand public, car ce sont des puces spécialisés pour lIA, pa… [+624 chars]",0.4588
"{'id': None, 'name': 'PCWorld'}",Michael Crider,"Dell’s 27-inch 1440p IPS monitor is terrific, especially for $160","While Dell makes some big, bombastic gaming displays and top-of-the-line monitors for creative pros, most people I know look to Dell for affordable and solid screens. Today’s deal delivers on that, with a 27-inch monitor and a high-quality IPS panel for just …",https://www.pcworld.com/article/2592202/dell-27-inch-1440p-ips-monitor-is-terrific-especially-for-160.html,https://www.pcworld.com/wp-content/uploads/2025/01/Dell-27-inch-monitor.jpg?quality=50&strip=all&w=1024,2025-01-29T17:07:44Z,"Skip to contentType your search and hit enter
When you purchase through links in our articles, we may earn a small commission. This doesn't affect our editorial independence
.
While Dell makes som… [+1697 chars]",0.0
"{'id': None, 'name': 'Hdblog.it'}",HDblog.it,"Qualcomm, l'inferenza on-device guiderà il futuro dellintelligenza artificiale",Qualcomm analizza levoluzione dellintelligenza artificiale,https://www.hdblog.it/qualcomm/articoli/n608644/qualcomm-inferenza-on-device-intelligenza/,https://hd2.tudocdn.net/1232392?w=1920,2025-02-12T10:55:00Z,"Qualcomm ha pubblicato un whitepaper che analizza l’evoluzione dell’intelligenza artificiale, con un focus particolare sull’inferenza on-device, ovvero la capacità di eseguire modelli AI direttamente… [+5359 chars]",0.34
"{'id': 'business-insider', 'name': 'Business Insider'}","Bianca Chan,Emmalyse Brownstein",Jamie Dimon says to quit if you don't like his RTO demands. Some of his tech workers might do just that.,The rollout of JPMorgan's RTO mandate has some tech employees are considering job offers or teaming up to influence work policy.,https://www.businessinsider.com/jpmorgan-return-to-office-mandate-tech-talent-2025-2,https://i.insider.com/67b8b4b26630eb10385d3edb?width=1200&format=jpeg,2025-02-25T17:46:19Z,"Getty Images; Jenny Chang-Rodriguez/BI
<ul><li>JPMorgan Chase has spent billions to become a technology-driven bank.</li><li>Now, due to the bank's RTO stance, some of its tech workers are consideri… [+11548 chars]",0.0
"{'id': None, 'name': 'Genbeta.com'}",Bárbara Bécares,Prefirió ganar menos dinero que ir todos los días a una oficina: esta ingeniera senior cuenta su experiencia,"Hay investigaciones y estudios que han descubierto que hay empresas que han decidido pagar menos a la gente que decide trabajar desde casa y que hay trabajadores que también aceptarían un sueldo más bajo a cambio de tener cierta flexibilidad laboral.
<!-- BRE…",https://www.genbeta.com/a-fondo/prefirio-ganar-dinero-que-ir-todos-dias-a-oficina-esta-ingeniera-senior-cuenta-su-experiencia,https://i.blogs.es/e9e268/christin-hume-hcfwew744z4-unsplash/840_560.jpeg,2025-02-21T14:17:57Z,Hay investigaciones y estudios que han descubierto que hay empresas que han decidido pagar menos a la gente que decide trabajar desde casa y que hay trabajadores que también aceptarían un sueldo más … [+2252 chars],0.0
"{'id': None, 'name': 'Impress.co.jp'}",劉 尭,デル、Lunar Lake搭載の14型/16型ノート,デル・テクノロジーズは、CPUにLunar LakeことCore Ultraシリーズ2を搭載したCopilot+ PC準拠ノートPCおよび2in1を発売した。,https://pc.watch.impress.co.jp/docs/news/1663788.html,https://pc.watch.impress.co.jp/img/pcw/list/1663/788/1.jpg,2025-02-18T08:30:49Z,"CPULunar LakeCore Ultra2Copilot+ PCPC2in1 
Dell 14 Plus(DB14250)
 Dell 14 Plus(DB14250)2,560×1,60014 
 Core Ultra 5 226V16GB1TB SSD179,000Core Ultra 9 288V32GB1TB SSD269,000 
 Thunderbolt 4USB 3.… [+649 chars]",0.0
"{'id': None, 'name': 'Impress.co.jp'}",劉 尭,Lunar Lake搭載の「Dell Pro 13 Plus」が販売開始,デル・テクノロジーズは、Lunar LakeことCore Ultra 200Vシリーズを搭載したビジネスモバイルノート「Dell Pro 13 Plus」を販売開始した。,https://pc.watch.impress.co.jp/docs/news/1666013.html,https://pc.watch.impress.co.jp/img/pcw/list/1666/013/1.jpg,2025-02-27T02:04:18Z,"Lunar LakeCore Ultra 200VDell Pro 13 Plus 
 1/16:10USB Type-C 
 Core Ultra 5 236V16GB512GB SSD1,920×1,20013OSWindows 11 Pro212,129 
 Thunderbolt 4 2USB 3.2 Gen 1 2HDMI 2.1 1WebWi-Fi 7Bluetooth 5.4… [+34 chars]",0.0
"{'id': None, 'name': 'Hdblog.it'}",HDblog.it,"Le TOP 5 offerte di oggi: monitor, notebook, telecamere di sicurezza e altro",Ecco le migliori offerte Amazon ed eBay dell'11 febbraio.,https://www.hdblog.it/ebay/offerte/n608557/migliori-offerte-oggi-11-febbraio-2025/,https://hd2.tudocdn.net/1112711?w=1920,2025-02-11T16:20:00Z,L'appuntamento quotidiano con le migliori offerte tech torna con una selezione aggiornata delle promozioni più interessanti disponibili su Amazon ed eBay. L'elenco di oggi include sconti su accessori… [+835 chars],0.1779
"{'id': None, 'name': 'Tomshw.it'}",Dario De Vita,Cosa offre CyberGhost VPN per soli 2€ al mese? Tutto quello che ti serve,"Nel panorama delle reti private virtuali, CyberGhost si distingue per l'equilibrio tra prestazioni elevate e convenienza economica. Attualmente, l’azienda offre uno sconto dell’82% sul suo...",https://www.tomshw.it/hardware/cosa-offre-cyberghost-vpn-per-soli-2eur-al-mese-tutto-quello-che-ti-serve,https://www.tomshw.it/storage/media/2024/08/31605/CyberGhost-82--copertina.jpg,2025-02-06T08:03:19Z,"Nel panorama delle reti private virtuali, CyberGhost si distingue per l'equilibrio tra prestazioni elevate e convenienza economica. Attualmente, l’azienda offre uno sconto dell’82% sul suo piano a lu… [+1467 chars]",0.0
"{'id': 'business-insider', 'name': 'Business Insider'}",Jamie Heller,Tech execs send signals about where their companies are headed,"In this Sunday edition of Business Insider Today, we're taking you through all the major changes Big Tech companies made to the workplace this week.",https://www.businessinsider.com/bi-today-big-tech-companies-major-changes-2025-2,https://i.insider.com/67327b635ec9bfa3d63d649c?width=1200&format=jpeg,2025-02-02T11:38:01Z,"Ranta Images/Getty, Tyler Le/BI
<ul><li>This post originally appeared in the BI Today newsletter.</li><li>You can sign up for Business Insider's daily newsletter here.</li></ul>Welcome back to our S… [+6685 chars]",0.0
"{'id': 'business-insider', 'name': 'Business Insider'}",Lara O'Reilly,Elon Musk's X is winning advertisers new and old — but the comeback has a long way to go,"X's pool of advertisers is growing, but it's far from recouping the revenue lost in the ad exodus following Musk's 2022 takeover.",https://www.businessinsider.com/elon-musk-x-advertising-spending-data-analysis-mixed-recovery-2025-2,https://i.insider.com/67a510347bb3f854015c1151?width=1200&format=jpeg,2025-02-14T09:25:01Z,"Elon Musk's X is drawing new advertisers and welcoming back some that pulled spending, but the overall picture of its business is complicated.Marc Piasecki/Getty Images
<ul><li>X is attracting new a… [+6037 chars]",0.7269
"{'id': None, 'name': 'Slickdeals.net'}",Dr.Wajahat,"Dell G16 Gaming Laptop: i9-13900HX, 16"" QHD+ 240Hz, 1TB SSD, 32GB RAM, RTX 4070 $1300 or Less + Free Shipping",$1170 $1899.99 after the following steps:Click here [dell.com] to Subscribe to emails for unique 10% off codeCheck your inbox or spam folder for email w/ coupon code; may take 30 minutes or more to ar,https://slickdeals.net/f/18124432-dell-g16-7630-16-qhd-240hz-i9-13900hx-rtx-4070-32gb-ddr5-1tb-ssd-w-sign-up-code-1170-99?utm_source=rss&utm_content=fp&utm_medium=RSS2,https://slickdeals.net/attachment/3/5/9/4/0/2/8/450x450/17107636.thumb,2025-02-18T02:23:52Z,"This collaborative space allows users to contribute additional information, tips, and insights to enhance the original deal post. Feel free to share your knowledge and help fellow shoppers make infor… [+26 chars]",0.8591
"{'id': None, 'name': 'Slickdeals.net'}",Dr.Wajahat,"Dell Inspiron 15: 15.6"" FHD 120Hz IPS, Ryzen 3 7320U, 8GB LPDDR5, 512GB SSD $250 (or Less) + Free Shipping",$224.99 $379.99 after the following steps:Click here [dell.com] to Subscribe to emails for unique 10% off codeCheck your inbox or spam folder for email w/ coupon code; may take 30 minutes or more to a,https://slickdeals.net/f/18121525-dell-inspiron-15-15-6-fhd-120hz-ips-ryzen-3-7320u-8gb-lpddr5-512gb-ssd-250-or-less-free-shipping?utm_source=rss&utm_content=fp&utm_medium=RSS2,https://slickdeals.net/attachment/2/6/8/0/6/1/2/1/450x450/17097430.thumb,2025-02-15T18:09:02Z,"This collaborative space allows users to contribute additional information, tips, and insights to enhance the original deal post. Feel free to share your knowledge and help fellow shoppers make infor… [+26 chars]",0.8591
"{'id': None, 'name': 'Ascii.jp'}",ASCII,デルから4KUHD対応でIPS Blackパネル搭載の27型＆32型ディスプレー発売,デル・テクノロジーズは、IPS Blackを搭載した27型ディスプレー「Dellデジタル ハイエンド シリーズ27 4K Thunderboltハブ モニター - U2725QE」＆32型ディスプレー「Dellデジタル ハイエンド シリーズ32 4K Thunderboltハブ モニター - U3225QE」を販売開始した。,https://weekly.ascii.jp/elem/000/004/253/4253914/,https://ascii.jp/img/2025/02/27/4169087/l/e1f2c1c70935ac33.png,2025-02-27T04:30:00Z,"Dell 27 4K Thunderbolt - U2725QE
226IPS Black27Dell 27 4K Thunderbolt - U2725QE32Dell 32 4K Thunderbolt - U3225QE
DellIPS Black2732
4KUHD3840×2160120HzIPS4730001
Dell 32 4K Thunderbolt - U3225QE… [+110 chars]",0.0
"{'id': None, 'name': 'Hdblog.it'}",HDblog.it,"Apple, dura critica alle leggi UE dopo larrivo della prima app porno su iPhone",Apple ha duramente criticato il Digital Markets Act (DMA) dellUnione Europea,https://www.hdblog.it/smartphone/articoli/n607644/apple-critica-leggi-ue-app-porno/,https://hd2.tudocdn.net/1229603?w=1920,2025-02-04T06:02:00Z,"Apple ha duramente criticato ilDigital Markets Act (DMA) dell’UE dopo che la prima app pornografica per iPhone è stata resa disponibile sui dispositivi dell’azienda in Europa. L’app in questione, Hot… [+2507 chars]",0.34
"{'id': None, 'name': 'Hdblog.it'}",HDblog.it,"Deepseek, l'AI a basso costo spinge alla ""commoditizzazione"" dei modelli","Matt Calkins, Fondatore, CEO e Presidente di Appian lancia la commoditizzazione dellAI",https://www.hdblog.it/business/articoli/n608373/appian-futuro-ai-deepseek/,https://hd2.tudocdn.net/1231596?w=1920,2025-02-11T11:20:00Z,"L'annuncio di DeepSeek ha scosso il settore e sollevato interrogativi sul futuro del panorama dell'AI. Un approccio ""magico"" con meno risorse: DeepSeek sembra sfidare le aspettative, raggiungendo pre… [+1944 chars]",0.34
"{'id': None, 'name': 'Tomshw.it'}",Luca Zaninello,"PassMark: dopo 20 anni di crescita, calo storico nelle prestazioni delle CPU","PassMark Software, azienda impegnata nello sviluppo di strumenti di benchmarking e diagnostica per PC dal 1998, ha pubblicato dati che indicano un'inversione di tendenza storica nelle prestazioni dell...",https://www.tomshw.it/hardware/passmark-dopo-20-anni-di-crescita-calo-storico-nelle-prestazioni-delle-cpu-2025-02-13,https://www.tomshw.it/storage/media/2024/10/38207/CPU-Cover.webp,2025-02-13T09:28:04Z,"PassMark Software, azienda impegnata nello sviluppo di strumenti di benchmarking e diagnostica per PC dal 1998, ha pubblicato dati che indicano un'inversione di tendenza storica nelle prestazioni del… [+3923 chars]",0.34
"{'id': None, 'name': 'Hdblog.it'}",HDblog.it,"Primo Rapporto sulle agroenergie di Confagricoltura, opportunità e prospettive","Disponibile primo rapporto dellOsservatorio sulle Agroenergie di Confagricoltura, realizzato con il sostegno di Enel.",https://www.hdblog.it/green/articoli/n608802/rinnovabili-primo-rapporto-agroenergie/,https://hd2.tudocdn.net/1196434?w=1920,2025-02-13T14:25:00Z,"Nonostante i ritardi riguardanti le linee guida dei carbon credits, il settore agricolo si conferma un protagonista di rilievo nella transizione energetica italiana, anche grazie al suo potenziale co… [+5168 chars]",0.3612
"{'id': None, 'name': 'Tomshw.it'}",Dario De Vita,Le migliori uova di Pasqua 2025,"Le uova di Pasqua rappresentano una tradizione irrinunciabile per milioni di persone, un dolce simbolo delle festività primaverili. Con l’avvicinarsi della Pasqua 2025, la ricerca dell&rs...",https://www.tomshw.it/altro/migliori-uova-di-pasqua,https://www.tomshw.it/storage/media/2025/02/49981/Le-migliori-uova-di-Pasqua-2025-copertina.jpg,2025-02-24T16:52:07Z,"Le uova di Pasqua rappresentano una tradizione irrinunciabile per milioni di persone, un dolce simbolo delle festività primaverili. Con l’avvicinarsi della Pasqua 2025, la ricerca dell’uovo perfetto … [+5165 chars]",0.0
"{'id': 'il-sole-24-ore', 'name': 'Il Sole 24 Ore'}",di Andrea Biondi e Francesco Prisco,"Sanremo 2025, raccolta pubblicitaria a 65,2 milioni. Finale con 13,4 milioni di ascolti e 73,1% di share","Rai Pubblicità: incremento dell’8,5% sui ricavi dell’anno scorso. L’Auditel aggiorna i record, intanto Conti «promette» il Festival Carlo V",https://www.ilsole24ore.com/art/sanremo-2025-finale-134-milioni-ascolti-e-731percento-share-AGcfvmvC,https://i2.res.24o.it/images2010/S24/Documenti/2025/02/17/Immagini/Ritagli/LP_23132188-U33831544002swt-1440x752@IlSole24Ore-Web.jpg?r=1170x507,2025-02-16T09:09:00Z,"Ascolta la versione audio dell'articolo
3' di lettura
Fare meglio, in termini di ricavi e ascolti, rispetto al quinquennio di Amadeus era difficile. Eppure è successo: la raccolta pubblicitaria leg… [+2841 chars]",0.0
"{'id': None, 'name': 'Quartz India'}",Vinamrata Chaturvedi,"Nvidia, Salesforce, Hims & Hers, and more stocks to watch this week","After a brief and relatively quiet week for earnings, this week promises to bring a wave of significant reports, offering valuable insights into the future trajectory of key sectors such as AI, technology, and finance.Read more...",https://qz.com/nvidia-salesforce-hims-hers-stock-earnings-1851765863,"https://i.kinja-img.com/image/upload/c_fill,h_675,pg_1,q_80,w_1200/f5b0df6c35143820f516a0c0c96f8d5e.jpg",2025-02-23T10:00:00Z,"In This Story
After a brief and relatively quiet week for earnings, this week promises to bring a wave of significant reports, offering valuable insights into the future trajectory of key sectors su… [+2210 chars]",0.7579
"{'id': None, 'name': 'Tecnoblog.net'}",Emerson Alecrim,Dell lança no Brasil headset wireless com IA por R$ 3.500,"Headset Dell Premier WL7024 tem tecnologia de cancelamento de ruído auxiliada por inteligência artificial e até 80 horas de bateria
Dell lança no Brasil headset wireless com IA por R$ 3.500",https://tecnoblog.net/noticias/dell-lanca-no-brasil-headset-wireless-com-ia-por-r-3-500/,https://files.tecnoblog.net/wp-content/uploads/2025/01/headset-dell-premier-ia.jpg,2025-01-27T21:08:04Z,"Mais conhecida por produzir computadores, a Dell também desenvolve uma variedade de acessórios. Entre eles está o headset Dell Premier WL7024. O modelo conta com cancelamento de ruído auxiliado por i… [+2340 chars]",0.0
"{'id': None, 'name': 'Tomshw.it'}",Dario De Vita,"Con gli sconti Dell, scegliere la tecnologia giusta è una certezza",Acquistare il prodotto giusto potrebbe non essere mai stato così semplice grazie agli sconti Dell disponibili oggi su Amazon. Chi è alla ricerca di monitor e PC affidabili e prestazional...,https://www.tomshw.it/hardware/con-gli-sconti-dell-scegliere-la-tecnologia-giusta-e-una-certezza,"https://www.tomshw.it/storage/media/2025/02/48795/Con-gli-sconti-Dell,-scegliere-la-tecnologia-giusta-è-una-certezza.jpg",2025-02-11T10:42:27Z,Acquistare il prodotto giusto potrebbe non essere mai stato così semplice grazie agli sconti Dell disponibili oggi su Amazon. Chi è alla ricerca di monitor e PC affidabili e prestazionali può approfi… [+1817 chars],0.1779
"{'id': None, 'name': 'Hdblog.it'}",HDblog.it,"Nuova partnership per un'aria più pulita, ENEA e E-roundme sviluppano ISMuSe",A supporto del monitoraggio della qualità dellaria interviene un nuovo partenariato tra ENEA e la start-up E-roundme.,https://www.hdblog.it/green/articoli/n608891/enea-e-roundme-strumento-qualita-aria-ismuse/,https://hd2.tudocdn.net/1232969?w=1920,2025-02-14T11:55:00Z,"La presenza di agenti inquinanti nell’aria è un rischio per la salute umana e per l’ambiente. In particolare, il particolato fine può colpire l’apparato respiratorio e provocare malattie croniche e d… [+3025 chars]",0.2023
"{'id': None, 'name': 'Forbes'}","Trefis Team, Contributor, 
 Trefis Team, Contributor
 https://www.forbes.com/sites/greatspeculations/people/trefis/",Why Dell Technologies Stock Is Down 9% In A Day?,"Nvidia’s stock (NASDAQ: NVDA) also felt the ripple effect, and plummeted 17% on the same day.",https://www.forbes.com/sites/greatspeculations/2025/01/28/why-dell-technologies-stock-is-down-9-in-a-day/,https://imageio.forbes.com/specials-images/imageserve/6798f0e74639f6f6a32d0397/0x0.jpg?format=jpg&height=900&width=1600&fit=bounds,2025-01-28T15:01:18Z,"POLAND - 2025/01/11: In this photo illustration, a Dell logo seen displayed on a smartphone. (Photo ... [+] Illustration by Mateusz Slodkowski/SOPA Images/LightRocket via Getty Images)
SOPA Images/L… [+4118 chars]",0.0
"{'id': None, 'name': 'Hdmotori.it'}",HDblog.it,Industria automobilistica europea: innovazione bloccata dalla burocrazia?,Linnovazione dellauto in Europa è minacciata da regole rigide. Leader del settore chiedono meno burocrazia e più incentivi.,https://www.hdmotori.it/auto/articoli/n609270/industria-automobilistica-europea-futuro/,https://hd2.tudocdn.net/1233948?w=1920,2025-02-18T14:30:00Z,"Da oltre un secolo, l’industria automobilistica europea è sinonimo di eccellenza tecnologica e innovazione. Case automobilistiche e fornitori di componentistica hanno costantemente guidato il progres… [+2228 chars]",0.0
"{'id': None, 'name': 'Tomshw.it'}",Dario De Vita,Ultime ore per la promo Internxt: 85% e zaino Swiss Peak in omaggio,Sta per concludersi la promozione di Internxt dedicata all'ormai trascorsa settimana di San Valentino. Chi desidera ottenere uno sconto dell’85% su tutti i piani di cloud storage a vita ha solo...,https://www.tomshw.it/hardware/ultime-ore-per-la-promo-internxt-85-e-zaino-swiss-peak-in-omaggio,https://www.tomshw.it/storage/media/2025/02/49917/Ultime-ore-per-la-promo-Internxt-copertina.jpg,2025-02-24T12:52:50Z,Sta per concludersi la promozione di Internxt dedicata all'ormai trascorsa settimana di San Valentino. Chi desidera ottenere uno sconto dell’85% su tutti i piani di cloud storage a vita ha solo poche… [+1994 chars],0.34
"{'id': None, 'name': 'Tomshw.it'}",Antonello Buzzi,"Questo notebook Dell è leggero, potente e intelligente! Oggi in OFFERTA! - 14%","Se state cercando un notebook potente e versatile, questa offerta su Amazon potrebbe fare al caso vostro. Il Dell Inspiron 14 Plus è ora disponibile a soli 899€, con un interessante sconto...",https://www.tomshw.it/hardware/questo-notebook-dell-e-leggero-potente-e-intelligente-oggi-in-offerta,https://www.tomshw.it/storage/media/2025/02/48779/Dell-Inspiron-14-Plus-offerta-11022025-copertina.png,2025-02-11T09:54:45Z,"Se state cercando un notebook potente e versatile, questa offerta su Amazon potrebbe fare al caso vostro. Il Dell Inspiron 14 Plus è ora disponibile a soli 899€, con un interessante sconto del 14% ri… [+2069 chars]",0.1779
"{'id': None, 'name': 'Tomshw.it'}",Antonello Buzzi,"Migliora la tua produttività con questo monitor Dell, oggi a SOLI 187€!","Se state cercando un monitor di qualità per il vostro ufficio o la vostra postazione di lavoro, non potete perdere questa offerta su Amazon. Infatti, Dell P2725H, un monitor da 27 pollici Full...",https://www.tomshw.it/hardware/migliora-la-tua-produttivita-con-questo-monitor-dell-oggi-a-soli-187-eur,https://www.tomshw.it/storage/media/2025/02/49188/Dell-P2725H-offerta-17022025-copertina.png,2025-02-17T09:29:26Z,"Se state cercando un monitor di qualità per il vostro ufficio o la vostra postazione di lavoro, non potete perdere questa offerta su Amazon. Infatti, Dell P2725H, un monitor da 27 pollici Full HD, è … [+1745 chars]",0.1779
"{'id': None, 'name': 'Tomshw.it'}",Antonello Buzzi,"SCONTO del 21% su questo laptop potente e versatile, tuo a SOLI 449€!","Se state cercando un notebook affidabile e performante a un prezzo conveniente, l'occasione giusta è su Amazon. Infatti, il computer portatile Dell Inspiron 15 3520 è disponibile a soli...",https://www.tomshw.it/hardware/sconto-del-21-su-questo-laptop-potente-e-versatile-tuo-a-soli-449-eur,https://www.tomshw.it/storage/media/2025/02/49164/Dell-Inspiron-15-3520-offerta-17022025-copertina.png,2025-02-17T08:07:12Z,"Se state cercando un notebook affidabile e performante a un prezzo conveniente, l'occasione giusta è su Amazon. Infatti, il computer portatile Dell Inspiron 15 3520 è disponibile a soli 449€, con uno… [+1800 chars]",0.1779
"{'id': None, 'name': 'Tomshw.it'}",Antonello Buzzi,"Elimina i punti morti in casa con questo router ASUS, oggi al MINIMO STORICO!","Se state cercando un router LTE avanzato per migliorare la vostra connessione internet, ASUS 4G-AC86U è disponibile su Amazon a soli 149,90€, con uno sconto dell'8% rispetto al prezzo medi...",https://www.tomshw.it/hardware/elimina-i-punti-morti-in-casa-con-questo-router-asus-oggi-al-minimo-storico,https://www.tomshw.it/storage/media/2025/02/48887/ASUS-4G-AC86U-offerta-12022025-copertina.png,2025-02-12T09:37:04Z,"Se state cercando un router LTE avanzato per migliorare la vostra connessione internet, ASUS 4G-AC86U è disponibile su Amazon a soli 149,90€, con uno sconto dell'8% rispetto al prezzo mediano di 163€… [+2143 chars]",0.1779
"{'id': None, 'name': 'Unixdigest.com'}",,Hypocrisy and politics in free and open source software projects,Comments,https://unixdigest.com/articles/hypocrisy-and-politics-in-free-and-open-source-software-projects.html,,2025-02-01T04:02:12Z,"Published on 2025-01-31.
At EuroBSDCon 2024, Kim McMahon, who is a so-called expert in product-led growth strategies, developer marketing, open source marketing, and growing healthy and productive c… [+2429 chars]",0.7184
"{'id': None, 'name': 'Hdmotori.it'}",HDblog.it,Green NCAP 2024: ecco le auto più ecologiche dellanno,Le auto più ecologiche del 2024 secondo Green NCAP,https://www.hdmotori.it/honda/articoli/n608394/green-ncap-auto-ecologiche-2024/,https://hd2.tudocdn.net/1123404?w=1920,2025-02-10T16:15:00Z,"Green NCAP, iniziativa indipendente di Euro NCAP dedicata alla promozione di veicoli più puliti ed efficienti dal punto di vista energetico, ha annunciato i vincitori delle categorie Top per il 2024.… [+2102 chars]",0.4939
"{'id': None, 'name': 'Forbes'}","Anshel Sag, Contributor, 
 Anshel Sag, Contributor
 https://www.forbes.com/sites/moorinsights/people/anshelsag/","Dell CES 2025: New Gear, New Branding And The Return Of Area-51","Dell made a slew of announcements at CES 2025 to revamp its PC offerings, extend its software and services and reintroduce the Area-51 sub-brand of Alienware.",https://www.forbes.com/sites/moorinsights/2025/02/05/dell-ces-2025-new-gear-new-branding-and-the-return-of-area-51/,https://imageio.forbes.com/specials-images/imageserve/67a3a3241d26dca7a9033697/0x0.jpg?format=jpg&height=900&width=1600&fit=bounds,2025-02-05T17:54:41Z,"Dells new Alienware Area-51 laptop
Dell
The year got off to a big start for Dell at CES 2025 with a slew of major announcements. I got the chance to have hands-on previews of many of Dells new prod… [+14663 chars]",0.25
"{'id': None, 'name': 'Neatorama.com'}",John Farrier,"Whale Swallows Kayaker, Then Spits Him Out","There's a special kind of terror that a parent feels when they see their child in sudden mortal danger.It is never far from your thoughts.The Guardian reports that Adrián Simancas and his father, Dell, were kayaking in the Bahía El Águila in the Strait of Mag…",https://www.neatorama.com/2025/02/14/Whale-Swallows-Kayaker-Then-Spits-Him-Out/,,2025-02-14T14:03:45Z,"There's a special kind of terror that a parent feels when they see their child in sudden mortal danger.
It is never far from your thoughts.
The Guardian reports that Adrián Simancas and his father,… [+398 chars]",-0.6249
"{'id': None, 'name': 'VentureBeat'}",Dean Takahashi,Intel launches Xeon 6 processors with performance cores for 2X AI processing,"Join our daily and weekly newsletters for the latest updates and exclusive content on industry-leading AI coverage. Learn More Intel is launching its new Intel Xeon 6 processors with performance-cores, offering better performance across data center workloads …",https://venturebeat.com/games/intel-launches-xeon-6-processors-with-performance-cores-for-2x-ai-processing/,https://venturebeat.com/wp-content/uploads/2025/02/Intel-Xeon-6-SoC-2.jpg?w=1024?w=1200&strip=all,2025-02-24T16:00:00Z,"Join our daily and weekly newsletters for the latest updates and exclusive content on industry-leading AI coverage. Learn More
Intel is launching its new Intel Xeon 6 processors with performance-cor… [+6947 chars]",0.4019
