source,author,title,description,url,urlToImage,publishedAt,content,Sentiment
"{'id': None, 'name': 'Abril.com.br'}",Camila Pati,Por que o tombo de 70% do lucro da Petrobras preocupa o mercado,O foco do mercado se volta também para os sinais de alerta nos resultados divulgados pela empresa. Lucro caiu 70% em 2025,https://veja.abril.com.br/economia/por-que-o-tombo-de-70-do-lucro-da-petrobras-preocupa-o-mercado,"https://veja.abril.com.br/wp-content/uploads/2025/01/magda-chambriard-lula-petrobras-reuniao-preco-reajuste-gasolina-diesel-combustiveis.jpg?quality=70&strip=info&crop=1&resize=1080,565",2025-02-27T15:25:14Z,"Clique e Assine VEJA a partir de R$ 5,99Magda Chambriard, presidente da Petrobras, se reúne com Lula (Fernando Frazão/Agência Brasil/VEJA.com)
Continua após publicidade
Para além das razões contábe… [+3198 chars]",0.0
"{'id': 'bild', 'name': 'Bild'}",Jenna Müller,Frauen und Künstliche Intelligenz - „Mehr Frauen müssen bei KI mitmischen“,Anja Katharina Bezold möchte mit ihrem Ratgeber #WomenGPT die Gender-KI-Gap schließen und Frauen für Künstlicher Intelligenz motivieren.,https://www.bild.de/leben-wissen/wissenschaft/chatgpt-und-co-anja-bezold-moechte-frauen-fuer-ki-begeistern-67862aea21f8f5728de22f7b,"https://images.bild.de/67862aea21f8f5728de22f7b/68db23061f252ca9f9e07ee1bb805ce2,226c4c12?w=1280",2025-02-27T15:24:59Z,"Frauen sind KI-Muffel. Laut einer internationalen Meta-Analyse sind sie durchschnittlich 25 Prozent weniger geneigt, KI einzusetzen, als Männer.
Eine Gefahr, findet die Autorin Anja Katharina Bezold… [+2181 chars]",-0.5994
"{'id': 'polygon', 'name': 'Polygon'}",Cameron Faulkner,PlayStation VR 2 will be up to $200 cheaper starting in March,"The PlayStation VR 2 headset for PlayStation 5 and Windows PC is no stranger to getting a temporary $200 price drop during the holidays, but now it’s permanent. Sony announced Thursday that both the $549.99 standalone kit as well as the $599.99 bundle that in…",https://www.polygon.com/gaming/530813/playstation-vr-2-price-cut-399-march,https://platform.polygon.com/wp-content/uploads/sites/2/2025/02/PS_VR2_002.webp?quality=90&strip=all&crop=0%2C10.692038499965%2C100%2C78.615923000071&w=1200,2025-02-27T15:18:54Z,"The PlayStation VR 2 headset for PlayStation 5 and Windows PC is no stranger to getting a temporary $200 price drop during the holidays, but now it’s permanent. Sony announced Thursday that both the … [+1857 chars]",-0.09
"{'id': None, 'name': 'GamesRadar+'}",Duncan Robertson,"A Steam Deck, but for your face? The latest rumors about Valve's new VR headset are pretty exciting",A new rumor has surfaced about Valve's next VR headset which could launch before the end of 2025 and work as a standalone device.,https://www.gamesradar.com/hardware/vr/a-steam-deck-but-for-your-face-the-latest-rumors-about-valves-new-vr-headset-are-pretty-exciting/,https://cdn.mos.cms.futurecdn.net/5wENEXynb7ghsc6ywvnPJa-1200-80.jpg,2025-02-27T15:18:36Z,"It's been nearly six years since Valve released the Index, a PC gaming VR headset that's still praised today as one of the best ever made. In that time, the VR landscape has changed massively though,… [+3190 chars]",0.8126
"{'id': None, 'name': 'Biztoc.com'}",cbsnews.com,Meta apologizes for error that exposed Instagram users to violent content,Instagram users reported violent and other inappropriate content showing up in their Reels feeds.,https://biztoc.com/x/fdaeb7d367aa0765,https://biztoc.com/cdn/906/og.png,2025-02-27T15:18:25Z,"Instagram users reported violent and other inappropriate content showing up in their Reels feeds.
This story appeared on cbsnews.com, 2025-02-27 15:16:53.",-0.5994
"{'id': None, 'name': 'Biztoc.com'}",edition.cnn.com,"Meta apologizes, fixes glitch that caused violent video recommendations on Reels","Meta is apologizing for a technical error after some users said they saw violent, graphic videos in their Instagram Reels feed.
“We have fixed an error that caused some users to see content in their Instagram Reels feed that should not have been recommended,”…",https://biztoc.com/x/03c3b911008805b1,https://biztoc.com/cdn/03c3b911008805b1_s.webp,2025-02-27T15:18:17Z,"Meta is apologizing for a technical error after some users said they saw violent, graphic videos in their Instagram Reels feed.We have fixed an error that caused some users to see content in their In… [+155 chars]",-0.8625
"{'id': None, 'name': 'Journal du geek'}",Elisa Rahouadj,PlayStation baisse officiellement le prix de cet accessoire,Sony annonce la baisse de prix de son PSVR 2... suite à son échec commercial ?,https://www.journaldugeek.com/2025/02/27/playstation-baisse-officiellement-le-prix-de-cet-accessoire/,https://www.journaldugeek.com/app/uploads/2024/11/psvr-2.jpg,2025-02-27T15:16:52Z,"Deux ans après sa sortie, l’accessoire le moins acheté de toute la gamme PS5 voit enfin son prix baisser. Et de manière drastique. Sony annonce en fanfare que le prix du PS VR 2, son dernier système … [+2769 chars]",0.0
"{'id': 'lenta', 'name': 'Lenta'}",Маргарита Щигарева,Известного блогера-миллионника лишили гражданства России. Ему также закрыли въезд в страну на 70 лет. За что?,"Популярного блогера Субо (настоящее имя — Субхан Мамедов), известного роликами с розыгрышами, лишили гражданства России. Такую меру к звезде соцсетей применили после проверки, начатой из-за его провокационных видео",https://lenta.ru/news/2025/02/27/subo/,https://icdn.lenta.ru/images/2025/02/27/17/20250227175419192/share_2eefb0961451900ee4a19460a0ae1a22.jpg,2025-02-27T15:10:00Z,"( ), , . , - . , . Shot, - , . , -, ., 70 . ().. . , , . . .
Instagram ( ; Meta, ) 13 . YouTube 1,6 
: , . , , , , . , , . . - . , 2019 , , ., . , , . , , , , , .",0.0
"{'id': None, 'name': 'Macdailynews.com'}",MacDailyNews,Apple faces likely French antitrust fine over App Tracking Transparency user privacy tool,"France is set to decide next month on a potential antitrust penalty over Apple's privacy control feature. Known as App Tracking Transparency…
The post Apple faces likely French antitrust fine over App Tracking Transparency user privacy tool appeared first on …",https://macdailynews.com/2025/02/27/apple-faces-likely-french-antitrust-fine-over-app-tracking-transparency-user-privacy-tool/,https://149359564.v2.pressablecdn.com/wp-content/uploads/2021/04/210426_ios_14_5_b.png,2025-02-27T15:08:38Z,"With App Tracking Transparency, apps are required to get a users permission to track or access their devices advertising identifier.
Two individuals with direct knowledge of the situation have told … [+1865 chars]",0.0
"{'id': None, 'name': 'Eleconomista.es'}",elEconomista.es,Instagram quiere lanzar Reels como app independiente: ¿Un nuevo rival para TikTok?,"En un mercado donde la atención del usuario es el bien más preciado, cada segundo cuenta. ¿Sería una buena idea pedir a los usuarios que descarguen otra app para lo que ya hacen en Instagram? Meta parece dispuesto a correr ese riesgo. Según reveló Adam Mosser…",https://www.eleconomista.es/tecnologia/noticias/13242766/02/25/instagram-quiere-lanzar-reels-como-app-independiente-un-nuevo-rival-para-tiktok.html,https://s03.s3c.es/imag/_v0/1200x655/b/5/2/Instagram.jpg,2025-02-27T15:07:10Z,"En un mercado donde la atención del usuario es el bien más preciado, cada segundo cuenta. ¿Sería una buena idea pedir a los usuarios que descarguen otra app para lo que ya hacen en Instagram? Meta pa… [+3829 chars]",0.0
"{'id': None, 'name': 'Html.it'}",Francesco Messina,Instagram sta valutando di lanciare un’applicazione solo per i reels,"Con il futuro di TikTok negli Stati Uniti che continua a restare incerto, Instagram di Meta starebbe considerando il lancio di un'app dedicata esclusivamente ai Reels.
Leggi Instagram sta valutando di lanciare un’applicazione solo per i reels",https://www.html.it/magazine/instagram-sta-valutando-di-lanciare-unapplicazione-solo-per-i-reels/,https://cdn.html.it/KzFBYFsxaNaumdsuRlZVhCGtkgI=/560x350/smart/filters:format(webp)/https://www.html.it/app/uploads/2025/02/reels-instagramm.jpg,2025-02-27T15:03:43Z,"Con il futuro di TikTok negli Stati Uniti che continua a restare incerto, Instagram di Meta starebbe considerando il lancio di un'app dedicata esclusivamente ai Reels, la funzione che consente la cre… [+2257 chars]",0.0
"{'id': None, 'name': 'Linux Adictos'}",Pablinux,"Valve Deckard: Precio, características y fecha de lanzamiento filtrados del próximo visor de realidad virtual de Valve","Valve Deckard, el nuevo visor VR autónomo, costará 1.200$ y llegará en 2025. Descubre sus características y filtraciones más recientes.",https://www.linuxadictos.com/valve-deckard-precio-caracteristicas-y-fecha-de-lanzamiento-filtrados-del-proximo-visor-de-realidad-virtual-de-valve.html,https://www.linuxadictos.com/wp-content/uploads/Valve-Deckard-0.jpg,2025-02-27T15:03:03Z,"Valve sigue apostando por la realidad virtual con un nuevo visor autónomo e inalámbrico conocido como Deckard. Varias filtraciones recientes han revelado detalles como su posible precio, fecha de lan… [+4815 chars]",0.0
"{'id': None, 'name': 'Pypi.org'}",Julian+bowtie@GrayVines.com,bowtie-json-schema 2025.2.9,A meta-validator for the JSON Schema specification.,https://pypi.org/project/bowtie-json-schema/2025.2.9/,,2025-02-27T15:02:54Z,"A required part of this site couldnt load. This may be due to a browser
 extension, network issues, or browser settings. Please check your
 connection, disable any ad blockers, or try using a diffe… [+12 chars]",0.3182
"{'id': None, 'name': 'Gizmodo.com'}",Kyle Barr,Meta Reportedly Considers Breaking Off Reels From Instagram,"Instagram reportedly thinks sticking Reels in a separate app will remedy the sting of losing TikTok, but it may just leave us with two dying apps instead of one.",https://gizmodo.com/meta-reportedly-considers-breaking-off-reels-from-instagram-2000569228,https://gizmodo.com/app/uploads/2025/01/GettyImages-2164040587-e1740667193658.jpg,2025-02-27T15:00:23Z,"In many ways, Reels is Instagram now. You cant scroll on the photo-sharing app for a few seconds before being slapped across the face with algorithmic suggested for you video content. Meta, in all it… [+3275 chars]",0.0
"{'id': None, 'name': 'MarketingProfs.com'}",Emily McLaughlan,Embracing Mobile SEO: How to Optimize Your Site for Mobile-First Indexing,Mobile-first indexing prioritizes mobile-optimized sites in search rankings. Discover essential SEO best-practices to ensure your site stays competitive. Read more. Read the full article at MarketingProfs,https://www.marketingprofs.com/articles/2025/52795/mobile-seo-best-practices-mobile-first-indexing,https://i.marketingprofs.com/assets/images/articles/lg/250227-hugging-phone-lg.jpg,2025-02-27T15:00:00Z,"Listen
Sign in or sign up to access this audio feature! No worries ... it's FREE!
Though we hide in terror from Google's most recent algorithm update and rankings fluctuations, something else is al… [+7547 chars]",0.4308
"{'id': None, 'name': 'Road to VR'}",Scott Hayden,Meta Reveals Next Generation Aria Smart Glasses for Research and Experimentation,"Meta today revealed its next-gen smart glasses, Aria Gen 2, which the company intends to release to third-party researchers working on machine perception systems, AI and robotics. The company revealed its first iteration of Project Aria back in 2020, showing …",https://www.roadtovr.com/meta-reveals-next-gen-aria-smart-glasses-for-research/,https://roadtovrlive-5ea0.kxcdn.com/wp-content/uploads/2025/02/meta-aria-gen-2-1.jpg,2025-02-27T14:59:37Z,"Meta today revealed its next-gen smart glasses, Aria Gen 2, which the company intends to release to third-party researchers working on machine perception systems, AI and robotics.
The company reveal… [+3919 chars]",0.4019
"{'id': 'la-nacion', 'name': 'La Nacion'}",Alejandro Casar González,"Rampla Juniors, la otra orilla de Foster Gillett: por qué en Uruguay eligieron creer pese al “ruido” de Argentina",El magnate estadounidense compró el fútbol del equipo Picapiedra en diciembre del año pasado,https://www.lanacion.com.ar/deportes/futbol/rampla-juniors-la-otra-orilla-de-foster-gillett-por-que-en-uruguay-eligieron-creer-pese-al-ruido-de-nid27022025/,https://resizer.glanacion.com/resizer/v2/vista-aerea-del-estadio-pedro-arispe-olimpico-de-JG2A27LN7FCOFCSWI4DCZGH62Q.jpg?auth=61f6da4e35f56f97d2f71d68419751c9b0d947e75d9c83095e697aa770b397b0&width=1200&quality=70&smart=false&height=800,2025-02-27T14:57:08Z,"En Rampla Juniors, la vecina orilla de Foster Gillett, están alertas. Desde el margen argentino del Río de la Plata las noticias no son alentadoras: el grupo que tomó posesión de la gestión del fútbo… [+10342 chars]",-0.296
"{'id': None, 'name': 'Gameswelt.de'}",Tobias Simon,"Pokémon TCG Pocket - Neues Booster-Set offiziell, Ranglisten-Modus angekündigt",Die Leaks haben sich bestätigt: Morgen gibt es ein frisches Booster-Set in Pokémo TCG Pocket.,https://www.gameswelt.de/pokemon-tcg-pocket/news/neues-booster-set-offiziell-ranglisten-modus-angekuendigt-329799,https://img.gameswelt.de/public/images/202412/b4f30aa96383f87da9e7510a4377691f.png,2025-02-27T14:57:00Z,"Die Leaks haben sich bestätigt: Morgen gibt es ein frisches Booster-Set in Pokémo TCG Pocket. Außerdem ist auch der Ranglisten-Modus im Anflug!
Schon länger war aufgrund von Leaks mehr oder weniger … [+2033 chars]",-0.8439
"{'id': 'rt', 'name': 'RT'}",RT,WATCH humanoid robot perform kung fu,A Chinese robotics firm has revealed an upgraded android able to “learn and perform virtually any movement” Read Full Article at RT.com,https://www.rt.com/pop-culture/613387-humanoid-robot-kung-fu-video/,https://mf.b37mrtl.ru/files/2025.02/article/67c0786e2030270f36368847.png,2025-02-27T14:55:05Z,"Chinese robotics company Unitree has shared a video featuring its humanoid robot doing kung fu moves. The bot’s balance capabilities and range of movement have been upgraded, the firm said.
Humanoid… [+2415 chars]",-0.5106
"{'id': None, 'name': 'Knack.be'}",Jeroen Zuallaert,Hoe Jeff Bezos zich met The Washington Post aan de voeten van Donald Trump werpt,"Nadat hij eerder al had ingegrepen tijdens de campagne voor de presidentsverkiezingen, trekt Jeff Bezos nu ook de opiniepagina van The Washington Post naar zich toe. Die opmerkelijke zet lijkt een zoveelste poging om bij Donald Trump in de gratie te komen.
Th…",https://www.knack.be/nieuws/wereld/hoe-jeff-bezos-zich-aan-de-voeten-van-donald-trump-werpt/,"https://img.static-rmg.be/a/view/q75/w1600/h836/f52.77,29.39/7088350/bezos1-jpg.jpg",2025-02-27T14:53:04Z,"Nadat hij eerder al had ingegrepen tijdens de campagne voor de presidentsverkiezingen, trekt Jeff Bezos nu ook de opiniepagina van The Washington Post naar zich toe. Die opmerkelijke zet lijkt een zo… [+6494 chars]",-0.5994
"{'id': None, 'name': 'Knowyourmeme.com'}",sakshi,February 26th Instagram Reels Graphic Content Incident,"The February 26th Instagram Reels Graphic Content Incident refers to a viral controversy in which numerous internet users on sites like Reddit, X / Twitter and TikTok began reporting that they were receiving multiple graphic videos or sensitive warnings on th…",https://knowyourmeme.com/memes/events/february-26th-instagram-reels-graphic-content-incident,https://i.kym-cdn.com/entries/icons/original/000/053/327/IG_Reels.jpg,2025-02-27T14:51:55Z,"Overview
The February 26th Instagram Reels Graphic Content Incident refers to a viral controversy in which numerous internet users on sites like Reddit, X / Twitter and TikTok began reporting that t… [+3330 chars]",0.3612
"{'id': None, 'name': 'Uol.com.br'}",André Hernan,,"O Palmeiras conseguiu as liberações necessárias da Fifa e La Liga e agora finaliza os trâmites finais para inscrever Vitor Roque até essa sexta-feira (28) como seu novo reforço.A operação foi fechada em 25,5 milhões de euros (R$ 155 milhões, na cotação",https://www.uol.com.br/esporte/colunas/mercado-da-bola/2025/02/27/palmeiras-pode-pagar-ate-r-185-milhoes-em-negociacao-vitor-roque.htm,https://conteudo.imguol.com.br/c/esporte/76/2024/12/22/vitor-roque-comemora-apos-marcar-para-o-betis-contra-o-celta-de-vigo-pelo-campeonato-espanhol-1734887273777_v2_615x300.jpg,2025-02-27T14:50:57Z,"O Palmeiras conseguiu as liberações necessárias da Fifa e La Liga e agora finaliza os trâmites finais para inscrever Vitor Roque até essa sexta-feira (28) como seu novo reforço.
A operação foi fecha… [+571 chars]",0.0
"{'id': None, 'name': 'Elchapuzasinformatico.com'}",Borja Colomer,"Valve Deckard, las gafas de Realidad Virtual para gaming que usarán SteamOS, no necesitan un PC, llegarán este año y su precio va a pérdidas","Valve es una compañía que inicialmente fue conocida por ser la creadora de Half-Life, pero unos años después se convirtió en una empresa mucho más popular no solo por sus juegos, sino por ser la desarrolladora de Steam. Si bien Steam apareció en 2003, en esta…",https://elchapuzasinformatico.com/2025/02/gafas-valve-dekcard-fecha-lanzamiento/,https://elchapuzasinformatico.com/wp-content/uploads/2025/02/Valve-Deckard-fecha-lanzamiento-precio.jpg,2025-02-27T14:50:16Z,"Valve es una compañía que inicialmente fue conocida por ser la
creadora de Half-Life, pero unos años después se convirtió en una
empresa mucho más popular no solo por sus juegos, sino por ser la
d… [+4417 chars]",0.1531
"{'id': None, 'name': 'Startupi.com.br'}",Startupi,Instagram pode lançar app só para Reels,"Startupi

Instagram pode lançar app só para Reels
A Meta, dona do Instagram, está considerando lançar um aplicativo independente para vídeos curtos, segundo informações do The Information, que cita uma fonte anônima que ouviu o chefe do app, Adam Mosseri, fal…",https://startupi.com.br/instagram-pode-lancar-app-reels/,https://startupi.com.br/wp-content/uploads/2022/07/reels-e1623970563648.png,2025-02-27T14:43:36Z,"A Meta, dona do Instagram, está considerando lançar um aplicativo independente para vídeos curtos, segundo informações do The Information, que cita uma fonte anônima que ouviu o chefe do app, Adam Mo… [+1198 chars]",0.0
"{'id': None, 'name': 'Stackoverflow.com'}",Stack Overflow,How to set the media path to root media folder in Django?,"I have a media folder outside the APP, in the project folder (to share media with other apps). 

How to set up Django, to set media path to a folder in the project folder?
Problem:
I'm getting error:
""GET /soupiska/pic/hraci/download_6BVC8qn.jpeg HTTP/1.1"" 40…",https://stackoverflow.com/questions/79472041/how-to-set-the-media-path-to-root-media-folder-in-django,https://cdn.sstatic.net/Sites/stackoverflow/Img/apple-touch-icon@2.png?v=73d79a89bded,2025-02-27T14:41:31Z,"Problem:I'm getting error:
""GET /soupiska/pic/hraci/download_6BVC8qn.jpeg HTTP/1.1"" 404 2971
but ""soupiska"" is the APP folder.
SettingsDjango 5.1.5
Settings.py includes:
MEDIA_URL = '/media/'
M… [+1601 chars]",-0.2144
"{'id': None, 'name': 'Mundodeportivo.com'}",EFE EFE,"Revés para el Inter: ""Su situación será reevaluada la próxima semana""","El Inter de Milán confirmó este jueves que el italiano Matteo Darmian, carrilero derecho, sufre una lesión muscular que le impedirá estar en los próximos encuentros decisivos de Serie A y Champions League, y se sumó a las ya conocidas del brasileño Carlos Aug…",https://www.mundodeportivo.com/futbol/serie-a/20250227/1002416099/reves-inter-situacion-sera-reevaluada-proxima-semana.html,https://www.mundodeportivo.com/files/og_thumbnail/files/fp/uploads/2025/02/27/67c07962efbda.r_d.2760-735-3290.jpeg,2025-02-27T14:41:13Z,"El Inter de Milán confirmó este jueves que el italiano Matteo Darmian, carrilero derecho, sufre una lesión muscular que le impedirá estar en los próximos encuentros decisivos de Serie A y Champions L… [+1870 chars]",0.5267
"{'id': None, 'name': 'Feber.se'}",Roger Åberg,Instagram Reels kanske blir en egen app,"För att konkurrera med TikTok






Att säga att Meta inte gillar konkurrens är väl kanske att ta i, men de jobbar hårt när de möter konkurrens. Reels är en sån sak och nu säger källor till The Information att den funktionen kanske kommer att bli en egen app.…",https://feber.se/internet/instagram-reels-kanske-blir-en-egen-app/477214/,https://static.feber.se/article_images/61/19/62/611962.jpeg,2025-02-27T14:40:00Z,"34 idag
Välkommen till Feber
Skaffa Feber+
Förvandla din Corvette till ett stridsflygplan
""Unleash your inner Maverick""
32.3°
0
Annons från 
Annons
Kia visar upp vanen PV5
Ska gå att campa … [+32756 chars]",-0.6369
"{'id': None, 'name': 'Everyeye.it'}",Matteo Regoli,"5 curiosità che forse non sapete su Smallville, la serie cult sul giovane Superman","Scoprite queste cinque curiosità legate a Smallville, la famosa serie televisiva cult dedicata al giovane Superman.In attesa di scoprire se il sequel animato di Smallville verrà mai realizzato, vogliamo raccontarvi alcune curiosità legate alla famosa serie te…",https://serial.everyeye.it/notizie/5-curiosita-non-sapete-smallville-serie-cult-giovane-superman-782200.html,https://images.everyeye.it/img-notizie/5-curiositA-non-sapete-smallville-serie-cult-giovane-superman-v3-782200.jpg,2025-02-27T14:40:00Z,"In attesa di scoprire se il sequel animato di Smallville verrà mai realizzato, vogliamo raccontarvi alcune curiosità legate alla famosa serie televisiva live-action della DC ambientata durante gli an… [+1593 chars]",0.0
"{'id': 'the-times-of-india', 'name': 'The Times of India'}",Reuters,"S&P 500, Nasdaq fall as Nvidia swings to red, economic data disappoints","The S&P 500 and Nasdaq fell after Nvidia shares declined, despite earlier gains. Economic data showing cooling suggests a stalling U.S. economy and rising jobless claims. Analysts foresee potential rate cuts by the Federal Reserve, while key sectors like tech…",https://economictimes.indiatimes.com/markets/stocks/news/us-stocks-open-higher-as-nvidias-forecast-calms-ai-demand-fears/articleshow/118607416.cms,"https://img.etimg.com/thumb/msid-118607449,width-1200,height-630,imgsize-155922,overlay-etmarkets/articleshow.jpg",2025-02-27T14:38:48Z,"The benchmark S&amp;P 500 and tech-heavy Nasdaq fell on Thursday, after Nvidia shares swung to losses as investors focused on signs of increased AI spending in the industry, and data suggested a cool… [+3128 chars]",0.4939
"{'id': None, 'name': 'Idnes.cz'}",Roman Všetečka,"Instagram chce kvůli TikToku osamostatnit Reels, mezitím ale řešil sex","Společnost Meta, která mimo jiné provozuje platformu Instagram, se omluvila uživatelům, že je zahrnula obsahem, který jim nebyl určen. Firma nyní přemýšlí o tom, že uvolní Reels jako samostatnou aplikaci, aby mohla lépe konkurovat TikToku.",https://www.idnes.cz/technet/software/meta-instagram-reels-tiktok-obsah-doporuceni-nasili-sex.A250227_124656_software_vse,https://1gr.cz/tempimg/fb/2024/10/VEN8e2562b326_profimedia_0640658246.jpg,2025-02-27T14:34:00Z,"Úspch ínské sociální sít TikTok se snaí omezit konkurenti, v ele se spoleností Meta, vlastními slubami, které ji napodobují. V rámci sít Instagram tak vznikl ped více ne dvma lety formát Reels, který… [+1921 chars]",0.0
"{'id': 'the-times-of-india', 'name': 'The Times of India'}",The Feed,Nvidia chief Jensen Huang's first acknowledgement of DeepSeek; here's what he said on Chinese startup's blockbuster R1 model,"Nvidia CEO Jensen Huang acknowledges the success of DeepSeek's R1 AI model and expresses optimism about Nvidia's future despite market impacts. Huang emphasizes long-term AI chip demand and investments from clients like Meta, Amazon, Google, and Microsoft. Nv…",https://economictimes.indiatimes.com/news/international/us/nvidia-chief-jensen-huangs-first-acknowledgement-of-deepseek-heres-what-he-said-on-chinese-startups-blockbuster-r1-model/articleshow/118606659.cms,"https://img.etimg.com/thumb/msid-118606617,width-1200,height-630,imgsize-195722,overlay-economictimes/articleshow.jpg",2025-02-27T14:33:30Z,"Artificial Intelligence(AI)
AI and Analytics based Business Strategy
By - Tanusree De, Managing Director- Accenture Technology Lead, Trustworthy AI Center of Excellence: ATCI
View Program",0.8271
"{'id': None, 'name': 'Atomix'}",AldoLawson,Nuevo tráiler y ventana de salida de Pokémon Legends Z-A,"Esta semana estamos teniendo nuevos anuncios del mundo de monstruos de bolsillo, el más importante es sin duda el de Pokémon Legends Z-A, juego presentado durante el año pasado y que estará siendo lanzado próximamente. Este llama la atención que será ambienta…",https://atomix.vg/nuevo-trailer-y-ventana-de-salida-de-pokemon-legends-z-a/,https://cdn.atomix.vg/wp-content/uploads/2025/02/croc.jpg,2025-02-27T14:32:37Z,"Esta semana estamos teniendo nuevos anuncios del mundo de monstruos de bolsillo, el más importante es sin duda el de Pokémon Legends Z-A, juego presentado durante el año pasado y que estará siendo la… [+1515 chars]",-0.5574
"{'id': None, 'name': 'Iphoneaddict.fr'}",Jean-Baptiste A.,Apple risque une amende antitrust en France pour le suivi publicitaire,"Apple se prépare à une amende antitrust en France, alors que l’Autorité de la concurrence s’apprête à rendre sa décision sur l’outil de contrôle de suivi publicitaire de la société, App Tracking Transparency (ATT), le mois prochain, selon Reuters. Cette fonct…",https://iphoneaddict.fr/post/news-402209-apple-risque-amende-antitrust-france-suivi-publicitaire,https://static.iphoneaddict.fr/wp-content/uploads/2021/06/Pop-Up-iOS-14-Anti-Pistage-Suivi-Pub.jpg,2025-02-27T14:31:24Z,"Apple se prépare à une amende antitrust en France, alors que l’Autorité de la concurrence s’apprête à rendre sa décision sur l’outil de contrôle de suivi publicitaire de la société, App Tracking Tran… [+1462 chars]",0.0
"{'id': None, 'name': 'The Conversation Africa'}","Samuel Brockington, Professor of Evolution, Curator of the Cambridge University Botanic Garden, University of Cambridge",Botanic gardens are struggling to keep up with the biodiversity crisis – here’s what they can do,"Botanic gardens have evolved from medicinal gardens to scientific institutions, Now, they must become conservation leaders on a global scale.",https://theconversation.com/botanic-gardens-are-struggling-to-keep-up-with-the-biodiversity-crisis-heres-what-they-can-do-248722,https://images.theconversation.com/files/649555/original/file-20250217-32-hk6xg1.jpg?ixlib=rb-4.1.0&rect=0%2C1373%2C8140%2C4070&q=45&auto=format&w=1356&h=668&fit=crop,2025-02-27T14:31:13Z,"As I wander around Cambridge University Botanic Garden, a tree called the Wollemi pine often catches my eye. It’s one of our rarest trees, and a distinctive looking pine, with broad needles and bark … [+6211 chars]",0.0
"{'id': None, 'name': 'Itcafe.hu'}",Harangi László,200 milliárd dolláros AI-adatközpont-birodalmat építhet a Meta,A jelentések szerint 200 milliárd dollárnál is többe kerülhet a Meta új AI-adatközpont-kampusza.,https://itcafe.hu/hir/meta_ai_adatkozpont_kampusz_rengeteg_penz.html,https://cdn.rios.hu/dl/cnt/2025-02/348646s.jpg,2025-02-27T14:31:00Z,"A The Information jelentése szerint a Meta már megbeszéléseket folytat egy új AI-adatközpont-kampusz építésérl, ami lényegében egy több mint 200 milliárd dolláros adatközpont-birodalom lesz.
A Meta … [+692 chars]",0.0
"{'id': None, 'name': 'Webnews.it'}",Lorenza Napolitano,Instagram sotto accusa: contenuti sensibili invadono i feed,Instagram invaso da contenuti sensibili: immagini cruente e video violenti mettono in discussione l'efficacia dell'algoritmo e della moderazione di Meta.,https://www.webnews.it/instagram-sotto-accusa-contenuti-sensibili-invadono-i-feed/,https://cdn.webnews.it/DggLGeumo6_vlMoEQ-b8jasUdCE=/1536x1536/filters:format(webp)/https://www.webnews.it/app/uploads/2025/02/wp_drafter_1209935.jpg,2025-02-27T14:30:30Z,"Gli algoritmi di Instagram sono impazziti. Questo è lallarme lanciato da migliaia di utenti che, nelle ultime settimane, hanno visto i propri feed invasi da contenuti sensibili, tra cui scene cruente… [+1790 chars]",0.0
"{'id': None, 'name': 'Multiplayer.it'}",Stefano Paglia,GCC Pokémon Pocket: annunciata l'espansione Luce Trionfale e le lotte competitive,"Durante il Pokémon Presents sono state svelate le novità in arrivo per GCC Pokémon Pocket, tra cui una nuova espansione e una modalità competitiva.",https://multiplayer.it/notizie/gcc-pokemon-pocket-annunciata-espansione-luce-trionfale-lotte-competitive.html,https://multiplayer.net-cdn.it/thumbs/images/2025/02/27/luce_trionfale_jpg_1200x0_crop_q85.jpg,2025-02-27T14:30:00Z,"Oggi è andato in onda il Pokémon Presents per festeggiare il Pokémon Day, ovvero l'anniversario dall'uscita dei primi giochi della serie, e come da tradizione c'è stato spazio per annunci e novità pe… [+1195 chars]",0.0
"{'id': None, 'name': 'GameSpot'}",Eddie Makuch,WB's Gaming Struggles Come Into Focus,"Warner Bros. Discovery has released its latest earnings report, and included in the filing are details about how the company's much-discussed gaming business is doing--and it's not great.The company reported ""impairment"" charges of $50 million for the latest …",https://www.gamespot.com/articles/wbs-gaming-struggles-come-into-focus/1100-6529747/,https://www.gamespot.com/a/uploads/screen_kubrick/1179/11799911/4451176-screenshot2025-02-27at9.01.06am.png,2025-02-27T14:30:00Z,"Warner Bros. Discovery has released its latest earnings report, and included in the filing are details about how the company's much-discussed gaming business is doing--and it's not great.
The compan… [+3430 chars]",-0.5096
"{'id': None, 'name': 'Macitynet.it'}",Daniele Piccinelli,Asus AirVision M1 sostituisce il monitor con gli occhiali,"Niente realtà aumentata, virtuale e AI ma la qualità più immediata di tanti progetti di visori del passato ma con tanta praticità: gli occhiali Asus AirVision M1 offrono uno schermo gigante o multi monitor sulla punta del naso
- su macitynet.it Asus AirVision…",https://www.macitynet.it/asus-airvision-m1/,https://www.macitynet.it/wp-content/uploads/2025/02/Asus-AirVision-M1-4.jpg,2025-02-27T14:29:12Z,"Meta punta da tempo sugli occhiali per la realtà aumentata, Apple sulla realtà mista con il visore Vision Pro, invece gli occhiali smart Asus AirVision M1 sono in pratica un monitor personale sempre … [+1907 chars]",0.5719
"{'id': None, 'name': 'Www.abc.es'}",(abc),La foto más triste: aparecen todos los pilotos de MotoGP 2025... menos el campeón,"La imagen del infortunio. Como es tradición justo antes del comienzo de la primera carrera del calendario, los pilotos de las tres categorías del Mundial de motociclismo —Moto2, Moto3 y MotoGP— posaron para las respectivas fotos oficiales en la recta de meta …",https://www.abc.es/deportes/motos/foto-triste-aparecen-pilotos-motogp-2025-campeon-20250227125804-nt.html,https://s3.abcstatics.com/abc/www/multimedia/deportes/2025/02/27/1493064662-U76136001152Tkj-1024x512@diario_abc.JPG,2025-02-27T14:28:05Z,"La imagen del infortunio. Como es tradición justo antes del comienzo de la primera carrera del calendario, los pilotos de las tres categorías del Mundial de motociclismo Moto2, Moto3 y MotoGP posaron… [+2163 chars]",0.0
"{'id': None, 'name': 'Debtdeflation.com'}",Steve Keen,Oficjalna Strona Kasyno I Bukmacher Pl,Tweet Tweet Slottica Online Casino Recenzja I Reward Powitalny 2025” Con­tent Czy Mog? Gra? W Slot­ti­ca Watts Polsce Na Prawdzi­we Pieni?dze? Gry Dost?pne You Oper­a­to­ra Slot­ti­ca Slot­ti­ca Casi­no – Ofic­jal­na Strona Kasy­na W Polsce Loterie W Slot­ti­…,http://www.debtdeflation.com/blogs/2025/02/28/oficjalna-strona-kasyno-i-bukmacher-pl/,,2025-02-27T14:24:06Z,"Slot­ti­ca ma du?y wybór automatów, oferuj?c mieszank? automatów od imponuj?cych 28 dostaw­ców. Dzi?ki tak wielu ró?nym dostaw­com fani slotów b?d? mieli do wyboru wiele ró?nych opcji we odmi­an. Zac… [+24066 chars]",0.0
"{'id': 'la-nacion', 'name': 'La Nacion'}",LA NACION,"Creyó que era amor, pero resultó ser una IA: lo estafaron y perdió US$27.580","Un hombre perdió más de 27.000 dólares después de ser engañado al creer que estaba en una relación con una novia ficticia, que le pidió dinero para ayudar a su familia",https://www.lanacion.com.ar/tecnologia/creyo-que-era-amor-pero-resulto-ser-una-ia-lo-estafaron-y-perdio-us27580-nid27022025/,https://resizer.glanacion.com/resizer/v2/el-perfil-de-instagram-de-la-modelo-digital-emily-3O4WD4HUSFAKPPVQGLP4H7F6GU.jpg?auth=1b3474b3c4ed972e4798c22ecd7fb8e6b901a686e2081708f80ff2846c29c008&width=1200&quality=70&smart=false&height=1190,2025-02-27T14:22:22Z,"Un hombre en Shanghái perdió más de 27.000 dólares después de ser engañado en una relación en línea con una novia ficticia generada por inteligencia artificial, informó el miércoles un medio estatal … [+2798 chars]",0.0
"{'id': 'lenta', 'name': 'Lenta'}",Екатерина Ештокина,Полина Гагарина показала внешность с новой прической,"Российская певица Полина Гагарина показала внешность с новой прической. Соответствующая публикация (на момент написания новости была удалена) появилась в ее Instagram-аккаунте (запрещенная в России соцсеть; принадлежит компании Meta, признанной экстремистской…",https://lenta.ru/news/2025/02/27/polina-gagarina-pokazala-vneshnost-s-novoy-pricheskoy/,https://icdn.lenta.ru/images/2025/02/27/15/20250227155515669/share_7c8504f40013fa6a7ee8a17bbd2e474d.jpg,2025-02-27T14:22:00Z,". ( ) Instagram- ( ; Meta, ), 9 .
37- - , . .
 . , . .
 . , .",0.0
"{'id': None, 'name': 'New York Post'}",Brooke Steinberg,Instagram wants to give TikTok competition with rival Reels app,The Meta-owned company is looking to take advantage of the uncertainty of Chinese-owned TikTok in the United States.,https://nypost.com/2025/02/27/tech/instagram-considering-separate-reels-app-to-rival-tiktok/,https://nypost.com/wp-content/uploads/sites/2/2025/02/woman-viewing-social-media-content-99347191.jpg?quality=75&strip=all&w=1024,2025-02-27T14:19:11Z,"Instagram may be taking on TikTok with a new app.
The social media platform’s head Adam Mosseri told staff this week that they are considering the launch of a separate app for Reels, its short-form … [+1894 chars]",0.0
"{'id': None, 'name': 'Hip-Hop Wired'}",Christopher Smith,"Apple Shareholders Vote To Keep DEI Program, Trump Big Mad","Apple's shareholders resoundingly rejected a proposal from a conservative think tank to end its DEI program. The same group had presented a similar proposal to Costco last month, who also rejected it.",https://hiphopwired.com/2629024/apple-shareholders-vote-to-keep-dei-program-trump-big-mad/,https://hiphopwired.com/wp-content/uploads/sites/43/2025/02/17406654727712.jpg,2025-02-27T14:11:55Z,"HipHopWired Featured Video
Source: NurPhoto / Getty
Shareholders at Apple rejected a proposal to end its diversity, equity, and inclusion program despite pressure from Republicans and President Don… [+2222 chars]",-0.3425
"{'id': None, 'name': 'Tecnoblog.net'}",Emerson Alecrim,Meta reconhece falha no Instagram que exibe conteúdo sensível nos Reels,"Muitos usuários do Instagram se depararam com vídeos perturbadores nos Reels. Meta reconheceu o problema e afirma ter aplicado uma solução.
Meta reconhece falha no Instagram que exibe conteúdo sensível nos Reels",https://tecnoblog.net/noticias/meta-reconhece-falha-no-instagram-que-exibe-conteudo-sensivel-nos-reels/,https://files.tecnoblog.net/wp-content/uploads/2022/08/capa-insta-fora-2_thumb_tb-1536x864.png,2025-02-27T14:11:03Z,"Resumo
<ul><li>A Meta reconheceu que o Instagram exibiu vídeos perturbadores nos Reels.</li><li>Muitos usuários relataram que vídeos com cenas violentas, incluindo mortes, foram exibidos sem que hou… [+2518 chars]",0.0
"{'id': None, 'name': 'The Drum'}",Jennifer Faull,3 questions investors have for WPP as its performance worsens,"The ad giant reported worse-than-expected revenues for the last quarter of 2024. In an update to the City, CEO Mark Read faced pressure from analysts as he braces for another challenging year.Analysts had estimated that WPP’s net revenue would dip 0.4% in 202…",https://www.thedrum.com/news/2025/02/27/3-questions-investors-have-wpp-its-performance-worsens,https://thedrum-media.imgix.net//thedrum-prod/s3/news/355301/mark_read.png?w=1280&ar=default&fit=crop&crop=faces&auto=format,2025-02-27T14:08:00Z,"The ad giant reported worse-than-expected revenues for the last quarter of 2024. In an update to the City, CEO Mark Read faced pressure from analysts as he braces for another challenging year.Analyst… [+7738 chars]",-0.1531
"{'id': 'the-times-of-india', 'name': 'The Times of India'}",Reuters,Apple faces likely French antitrust fine for privacy tool,"Called App Tracking Transparency (ATT), the feature allows iPhone users to decide which apps can track user activity, helping companies like Meta Platforms' Facebook and online advertisers tailor ads to users and measure their impact.",https://economictimes.indiatimes.com/tech/technology/apple-faces-likely-french-antitrust-fine-for-privacy-tool-sources-say/articleshow/118606945.cms,"https://img.etimg.com/thumb/msid-118607090,width-1200,height-630,imgsize-33732,overlay-ettech/articleshow.jpg",2025-02-27T14:07:15Z,"Artificial Intelligence(AI)
AI and Analytics based Business Strategy
By - Tanusree De, Managing Director- Accenture Technology Lead, Trustworthy AI Center of Excellence: ATCI
View Program",0.8271
"{'id': None, 'name': 'COMPUTER BILD'}",Sebastian Dudek,Schock: Instagram-Feeds werden mit Gewalt-Videos geflutet,Ein technischer Fehler lässt Instagram-Nutzer erschaudern: Gewalt und Schockbilder dominieren plötzlich die Feeds. Nun meldet sich Mutterkonzern Meta zu Wort.,https://www.computerbild.de/artikel/cb-News-Internet-Schock-Instagram-Feeds-werden-mit-Gewalt-Videos-geflutet-39486397.html,https://i.computer-bild.de/imgs/1/5/5/6/8/6/4/3/Ein-Bild-von-der--sensible-Inhalte--Maske-von-Instagram--3567-2048x1152-9456f028ef8a494b.jpg,2025-02-27T14:07:00Z,"Um die sozialen Netzwerke darstellen zu können, benötigen wir Ihre Zustimmung.
Soziale Netzwerke aktivieren
Ich bin damit einverstanden, dass mir Inhalte von Drittanbietern angezeigt werden. Damit … [+175 chars]",-0.5994
"{'id': None, 'name': 'Frankwatching.com'}",Jan Scheele,Is jouw marketing AI-agent proof?,Mensen nemen minder vaak zelf beslissingen; steeds vaker laten ze AI-agents al het werk doen. Hoe speel je daar als marketeer op in?,https://www.frankwatching.com/archive/2025/02/27/is-jouw-marketing-ai-agent-proof/,https://www.frankwatching.com/app/uploads/2025/02/AI-agent-shutterstock_2300903717.jpg,2025-02-27T14:05:35Z,"Al duizenden jaren wordt marketing bedreven, gefocust op de mens. Door mijn werk met AI-agents en een tool als GPT Operator, zie ik de manier waarop mensen producten ontdekken en kopen razendsnel ver… [+6361 chars]",0.0
"{'id': None, 'name': 'Mundodeportivo.com'}",Francisco Javier Muñoz Rovira,El City se fija en un portero seguido por el Barça,"La portería es una de las demarcaciones que más ocupan  y preocupan a los clubs. Los equipos con las máximas aspiraciones de títulos necesitan un portero que rinda al máximo nivel y por eso están permanentemente atentos al mercado, sea para el corto, el medio…",https://www.mundodeportivo.com/futbol/fc-barcelona/20250227/1002415845/city-fija-portero-seguido-barca.html,https://www.mundodeportivo.com/files/og_thumbnail/uploads/2025/02/15/67b0d279e2c2d.jpeg,2025-02-27T14:05:35Z,La portería es una de las demarcaciones que más ocupan  y preocupan a los clubs. Los equipos con las máximas aspiraciones de títulos necesitan un portero que rinda al máximo nivel y por eso están per… [+2603 chars],0.0
"{'id': None, 'name': 'ExchangeWire'}",editorial,“Publishers must double down on privacy-first identity solutions.” Tamir Shub of IntentIQ,"We spoke to Tamir Shub, VP of business development, IntentIQ, about the importance of privacy-first identity solutions, and the power of first-party data to publishers.
Why is identity so important to the sell side?
Identity is a critical component of publish…",https://www.exchangewire.com/blog/2025/02/27/publishers-must-double-down-on-privacy-first-identity-solutions-tamir-shub-of-intentiq/,https://cdn.exchangewire.com/wp-content/uploads/2025/02/65ccd8e2-e153-4257-81dc-53c27d6ab4b3.jpeg,2025-02-27T14:05:19Z,"We spoke to Tamir Shub, VP of business development, IntentIQ, about the importance of privacy-first identity solutions, and the power of first-party data to publishers.
Identity is a critical compon… [+5276 chars]",0.2263
"{'id': None, 'name': 'Backlinko.com'}",Backlinko Team,What Is JavaScript SEO? 6 Best Practices to Boost Rankings,"JavaScript has enabled highly interactive and dynamic websites. But it also presents a challenge: ensuring your site is crawlable, indexable, and fast. That’s why JavaScript SEO is essential. When applied correctly, these strategies can significantly boost or…",https://backlinko.com/javascript-seo,https://api.backlinko.com/app/uploads/2025/02/javascript-seo-featured-image.png,2025-02-27T14:05:15Z,"JavaScript has enabled highly interactive and dynamic websites. But it also presents a challenge: ensuring your site is crawlable, indexable, and fast.
Thats why JavaScript SEO is essential.
When a… [+22038 chars]",0.6164
"{'id': None, 'name': 'Gamekult'}",DocSavage,"Le PS VR2 baisse officiellement de prix et passe à 449,99€","Pour rappel, le PS VR2 était jusqu'ici accessible pour 599,99€. Avec cette remise issue directement de Sony Interactive Entertainment (elle ne dépend donc pas du magasin choisi), le prix du matos de réalité virtuelle du constructeur baisse donc d'environ 150€.",https://www.gamekult.com/actualite/le-ps-vr2-baisse-officiellement-de-prix-et-passe-a-449-99-3050862414.html,https://cdn.gamekult.com/optim/images/news/30/3050862414/le-ps-vr2-baisse-officiellement-de-prix-et-passe-a-449-99-1352ec15__w854.png,2025-02-27T14:05:00Z,"Quelle arnaque techniquement une enfumade avec une store à peine de 68 jeux au total
Ce que tu dis est complètement faux, il y a bien plus de jeux que ça (364 dans cette liste) :
en.wikipedia.org
… [+1399 chars]",0.0
"{'id': None, 'name': 'New York Post'}",Ariel Zilber,Meta apologizes after Instagram users are flooded with violent videos,"The troubling content featured graphic depictions of individuals being shot, run over by vehicles and suffering gruesome injuries.",https://nypost.com/2025/02/27/business/meta-apologizes-after-instagram-users-were-flooded-with-violent-videos/,https://nypost.com/wp-content/uploads/sites/2/2025/02/shocked-mature-senior-caucasian-woman-99348503.jpg?quality=75&strip=all&w=1024,2025-02-27T14:04:39Z,"Meta issued an apology Wednesday night after an error caused Instagrams recommendation algorithm to flood users Reels feeds with disturbing and violent videos, some depicting fatal shootings and horr… [+4795 chars]",-0.9217
"{'id': None, 'name': 'CNA'}",,"Apple faces likely French antitrust fine for privacy tool, sources say","BRUSSELS : Apple is facing a likely antitrust fine as the French regulator prepares to rule next month on the company's privacy control tool, two people with direct knowledge of the matter said.Called App Tracking Transparency (ATT), the feature allows iPhone…",https://www.channelnewsasia.com/business/apple-faces-likely-french-antitrust-fine-privacy-tool-sources-say-4965116,"https://dam.mediacorp.sg/image/upload/s--Dv14-G3N--/fl_relative,g_south_east,l_mediacorp:cna:watermark:2024-04:reuters_1,w_0.1/f_auto,q_auto/c_fill,g_auto,h_676,w_1200/v1/one-cms/core/2025-02-27t140509z_2_lynxnpel1q0kn_rtroptp_3_apple-france.jpg?itok=au_KS2us",2025-02-27T14:03:29Z,"BRUSSELS : Apple is facing a likely antitrust fine as the French regulator prepares to rule next month on the company's privacy control tool, two people with direct knowledge of the matter said.
Cal… [+1536 chars]",0.2263
"{'id': None, 'name': 'Hvg.hu'}",hvg@hvg.hu,"Teljesen új appot adhat ki az Instagram, a TikTokot szorongatná meg vele","2018 után ismét megpróbálkozna egy dedikált rövid videós appal a Meta, kihasználva a TikTok körüli bizonytalanságot.",https://hvg.hu/tudomany/20250227_meta-instagram-uj-alkalmazas-reels-videok-tiktok-versenytars,https://img.hvg.hu/Img/7fcefbf8-ac48-4ee6-aef5-32203afa118c/1edc8af7-7f76-4b66-8066-95e76ce07dcc.jpg,2025-02-27T14:03:00Z,"Egy új alkalmazás kiadását tervezheti az Instagram, pontosabban annak tulajdonosa, a Meta. Az app kimondottan a rövid videós formátumra építene, ami jelenleg Reels néven érhet el az Instagram részeké… [+1185 chars]",0.0
"{'id': None, 'name': 'Life.ru'}",Владимир Озеров,«‎Проверьте голову!» Мамы-блогерши развязали баттл с кормлением грудью подросших детей,"Мамы-блогерши придумали для себя новое захватывающее развлечение. Они соревнуются, кто из них дольше прокормит своего ребёнка грудным молоком. Пояс абсолютного чемпиона в этой дисциплине пока удерживает женщина с семилетней дочерью, сообщает SHOT ПРОВЕРКА.",https://life.ru/p/1731092,https://static.life.ru/ip/unsafe/rs:fill:1200:/gravity:ce/q:100/czM6Ly9saWZlLXN0YXRpYy9wdWJsaWNhdGlvbnMvMjAyNS8yLzI3LzUyNjMxOTM5NTMzLjQzODg2LndlYnA=,2025-02-27T14:01:59Z,"- . , . , SHOT .
- . : 57- . .
« , . », 5- . 
 , . . . . , . 
 Life.ru . . , , , . 
* ; Meta, .",0.0
"{'id': 'info-money', 'name': 'InfoMoney'}",leonardogstos,SXSW: quanto custa ir ao evento de inovação em 2025 e como se programar para 2026,"Próxima edição do evento começa na semana que vem; veja quanto investir para ir mais para frente
The post SXSW: quanto custa ir ao evento de inovação em 2025 e como se programar para 2026 appeared first on InfoMoney.",https://www.infomoney.com.br/onde-investir/sxsw-quanto-custa-ir-ao-evento-de-inovacao-em-2025-e-como-se-programar-para-2026/,https://www.infomoney.com.br/wp-content/uploads/2025/02/SXSW2024_Exploring-Your-Organizations-Futures_Stephen-Olker_Edited-1.jpg?quality=70,2025-02-27T14:01:23Z,"A cidade norte-americana de Austin recebe anualmente milhares de pessoas em um dos eventos de tecnologia e inovação mais prestigiados do mundo, o SXSW (South by Southwest). Segundo a Greyhill Advisor… [+3249 chars]",0.0
"{'id': None, 'name': 'UploadVR'}",Henry Stockdale,Mannequin Goes Free-To-Play On Quest As PC VR Version Gets Price Cut,"Mannequin, the Prop Hunt-inspired multiplayer game, is now free-to-play on Quest while the PC VR version gets a price cut.",https://www.uploadvr.com/mannequin-vr-free-to-play-quest/,https://www.uploadvr.com/content/images/size/w1200/2025/02/Mannequin_Keyart_1920x1080.png,2025-02-27T14:00:51Z,"Mannequin, Fast Travel's Prop Hunt-inspired VR multiplayer game, is now free-to-play on Quest.
Initially a paid-for release, Mannequin by Fast Travel Games is a 2v3 multiplayer game where two agents… [+1785 chars]",0.0
"{'id': None, 'name': 'AppleInsider'}",news@appleinsider.com (Malcolm Owen),HTC's Viverse Worlds could one day be the YouTube for VR content on Apple Vision Pro,"HTC has declared its Viverse platform will be the YouTube for VR content, but while it doesn't support the Apple Vision Pro at the moment, users could one day turn to Viverse Worlds for new immersive experiences.Viverse logo - Image Credit: HTCEnjoying virtua…",https://appleinsider.com/articles/25/02/27/htcs-viverse-worlds-could-one-day-be-the-youtube-for-vr-content-on-apple-vision-pro,https://photos5.appleinsider.com/gallery/62783-130285-viverseworldslogo1-xl.jpg,2025-02-27T14:00:27Z,"HTC has declared its Viverse platform will be the YouTube for VR content, but while it doesn't support the Apple Vision Pro at the moment, users could one day turn to Viverse Worlds for new immersive… [+5730 chars]",-0.0994
"{'id': None, 'name': 'Plos.org'}","Wenhao Su, Hairong Jia, Luo Yang, Jiaqi Zhang, Zhaoyang Wei, Pepertual Tsikwa, Yanru Wang",Risk factors for osteoporosis in elderly patients with type 2 diabetes: A protocol for systematic review and meta-analysis,"Background Osteoporosis is a prevalent chronic result of diabetes. Osteoporosis susceptibility is raised by unstable blood glucose levels, oxidative stress, hormonal abnormalities, and other factors. Currently, there is no systematic review addressing the ris…",https://journals.plos.org/plosone/article?id=10.1371/journal.pone.0319602,,2025-02-27T14:00:00Z,"Abstract
Background
Osteoporosis is a prevalent chronic result of diabetes. Osteoporosis susceptibility is raised by unstable blood glucose levels, oxidative stress, hormonal abnormalities, and oth… [+33546 chars]",-0.6486
"{'id': None, 'name': 'Plos.org'}","Alexandra Teslya, Janneke Cornelia Maria Heijne, Maarten Franciscus Schim van der Loeff, Ard van Sighem, Jacob Aiden Roberts, Maartje Dijkstra, Godelieve J de Bree, Axel Jeremias Schmidt, Kai J Jonas, Mirjam E Kretzschmar, Ganna Rozhnova",Impact of increased diagnosis of early HIV infection and immediate antiretroviral treatment initiation on HIV transmission among men who have sex with men in the Netherlands,"Author summary In recent years, in the Netherlands, the annual number of new HIV infections in the population of men who have sex with men (MSM) are declining. Using an agent-based model calibrated to the current state of HIV epidemic in MSM in the Netherland…",https://journals.plos.org/ploscompbiol/article?id=10.1371/journal.pcbi.1012055,https://journals.plos.org/ploscompbiol/article/figure/image?id=10.1371/journal.pcbi.1012055.g004&size=inline,2025-02-27T14:00:00Z,"Abstract
The number of new HIV infections among men who have sex with men (MSM) in the Netherlands has been decreasing, but additional efforts are required to bring it further down. This study aims … [+63625 chars]",0.0387
"{'id': 'lenta', 'name': 'Lenta'}",Зарина Дзагоева,Россиянам назвали самые дорогие и бюджетные направления для летнего отдыха,Российская тревел-блогерша Татьяна Лисицина назвала соотечественникам самые дорогие и бюджетные направления для летнего отдыха. Такими данными она поделилась в ролике на своей странице @tatti.travel в Instagram (запрещенная в России соцсеть; принадлежит компа…,https://lenta.ru/news/2025/02/27/rossiyanam-nazvali-samye-dorogie-i-byudzhetnye-napravleniya-dlya-letnego-otdyha/,https://icdn.lenta.ru/images/2025/02/27/15/20250227153816820/share_c0d5fb685328b00229fb7a7b05d38f6b.jpg,2025-02-27T14:00:00Z,"- . @tatti.travel Instagram ( ; Meta, ).
, , , , , , , , . , , -, , , , .
, , , , , , , .
 , 250 . , 2025 7-10 137 , .",0.0
"{'id': None, 'name': 'Plos.org'}","Jiasi Hao, Behrooz Z. Alizadeh, Maarten J. Postma, Daan J. Touw, Stephan J. L. Bakker, Lisa A. de Jong",Early economic evaluation of chelation therapy in kidney transplant recipients with high-normal lead,"Background Kidney transplant recipients (KTR) with high-normal lead have a higher risk of graft failure (GF). Clinically, chelation therapy using meso-2,3-dimercaptosuccinic acid (DMSA) removes lead. Despite the proposal that chelation therapy can prevent GF …",https://journals.plos.org/plosone/article?id=10.1371/journal.pone.0319022,https://journals.plos.org/plosone/article/figure/image?id=10.1371/journal.pone.0319022.g006&size=inline,2025-02-27T14:00:00Z,"Citation: Hao J, Alizadeh BZ, Postma MJ, Touw DJ, Bakker SJL, de Jong LA (2025) Early economic evaluation of chelation therapy in kidney transplant recipients with high-normal lead. PLoS ONE 20(2):
… [+43426 chars]",0.0
"{'id': None, 'name': 'Plos.org'}","Zemenu Tamir, Abebe Animut, Sisay Dugassa, Mahlet Belachew, Adugna Abera, Aster Tsegaye, Berhanu Erko",Plasmodium and intestinal parasite infections among pregnant women at first antenatal care contact in northwest Ethiopia: A study of prevalence and associated risk factors,"Background Parasitic infections in pregnancy are detrimental for both the mother and her fetus. Malaria and intestinal parasite infections among pregnant women at their first antenatal care contact (ANC1) could offer information on their burden in pregnancy, …",https://journals.plos.org/plosone/article?id=10.1371/journal.pone.0316483,https://journals.plos.org/plosone/article/figure/image?id=10.1371/journal.pone.0316483.g004&size=inline,2025-02-27T14:00:00Z,"Citation: Tamir Z, Animut A, Dugassa S, Belachew M, Abera A, Tsegaye A, et al. (2025) 
Plasmodium and intestinal parasite infections among pregnant women at first antenatal care contact in northwest… [+43667 chars]",0.4939
"{'id': None, 'name': 'Plos.org'}","Janette Iking, Karen Fischhuber, J. Christoph Katthagen, Sebastian Oenning, Michael J. Raschke, Josef Stolberg-Stolberg, Jeanette Köppe",Reverse total shoulder arthroplasty versus locked plate fixation for proximal humeral fractures in the elderly: a systematic review,"Introduction  For surgical treatment of proximal humeral fractures (PHF) in older patients, there is no consensus if locked plate fixation (LPF) or reverse total shoulder arthroplasty (RTSA) yields better clinical results. The purpose of this study was to sys…",https://journals.plos.org/plosone/article?id=10.1371/journal.pone.0317005,https://journals.plos.org/plosone/article/figure/image?id=10.1371/journal.pone.0317005.g005&size=inline,2025-02-27T14:00:00Z,"Abstract
Introduction
For surgical treatment of proximal humeral fractures (PHF) in older patients, there is no consensus if locked plate fixation (LPF) or reverse total shoulder arthroplasty (RTSA… [+34836 chars]",-0.296
"{'id': None, 'name': 'Plos.org'}","Riko Matsumoto, Masashi Kakinoki, Osamu Sawada, Shumpei Obata, Yoshitsugu Saishin, Masahito Ohji",Incidence of macular hole in patients undergoing pars plana vitrectomy for submacular hemorrhage,Purpose To investigate the incidence of macular hole (MH) during pars plana vitrectomy (PPV) for submacular hemorrhage (SMH) due to either retinal arterial macroaneurysm (RAM) rupture or age-related macular degeneration (AMD).   Methods We retrospectively eva…,https://journals.plos.org/plosone/article?id=10.1371/journal.pone.0319266,https://journals.plos.org/plosone/article/figure/image?id=10.1371/journal.pone.0319266.g001&size=inline,2025-02-27T14:00:00Z,"Abstract
Purpose
To investigate the incidence of macular hole (MH) during pars plana vitrectomy (PPV) for submacular hemorrhage (SMH) due to either retinal arterial macroaneurysm (RAM) rupture or a… [+25878 chars]",-0.4648
"{'id': None, 'name': 'Plos.org'}","Charlotte Hennah, Maleeha Rizwan, Nicola Edwards, Hayley Beckett, Michele Convery, Heidi Dawson, Jonathan Morris, Mair Rigby, James Vilares, Karin Wahl-Jorgensen, Rebecca Williams, Sofia Gameiro","Protocol for a theory-based, mixed methods evaluation of Cynnau|Ignite: an active learning programme to foster positive research culture through leadership development at Cardiff University",A recent UKRI call for training programmes to improve research culture at Higher Education Institutions led Cardiff University to design Cynnau|Ignite. This active learning programme intends to foster positive research culture practices through empowering sta…,https://journals.plos.org/plosone/article?id=10.1371/journal.pone.0319020,https://journals.plos.org/plosone/article/figure/image?id=10.1371/journal.pone.0319020.g004&size=inline,2025-02-27T14:00:00Z,"Citation: Hennah C, Rizwan M, Edwards N, Beckett H, Convery M, Dawson H, et al. (2025) Protocol for a theory-based, mixed methods evaluation of Cynnau|Ignite: an active learning programme to foster p… [+37358 chars]",0.4019
"{'id': None, 'name': 'Plos.org'}","Chuan-Fang Hou, Chin-Wei Hsu, Philip X. Fuchs, Tzyy-Yuang Shiang",Estimation of maximum lower limb muscle strength from vertical jumps,"Determining the one-repetition maximum (1RM) is crucial for organizing training loads, but it also is time-consuming, physically demanding, and poses a risk of injury. Vertical jumps are a less demanding and well-established method to test the ability of the …",https://journals.plos.org/plosone/article?id=10.1371/journal.pone.0316636,https://journals.plos.org/plosone/article/figure/image?id=10.1371/journal.pone.0316636.g003&size=inline,2025-02-27T14:00:00Z,"Abstract
Determining the one-repetition maximum (1RM) is crucial for organizing training loads, but it also is time-consuming, physically demanding, and poses a risk of injury. Vertical jumps are a … [+43889 chars]",-0.8271
"{'id': None, 'name': 'Edivaldobrito.com.br'}",Edivaldo Brito,Controvérsia nas Reels do Instagram: Filtro de Conteúdo em Cheque,"Reels estão repletos de conteúdo gráfico chocante, mesmo com o filtro ativado. Entenda a polêmica que envolve essa situação.
O post Controvérsia nas Reels do Instagram: Filtro de Conteúdo em Cheque apareceu primeiro em Blog do Edivaldo - Informações e Notícia…",https://www.edivaldobrito.com.br/controversia-nas-reels-do-instagram-filtro-de-conteudo-em-cheque/,https://www.edivaldobrito.com.br/wp-content/uploads/2025/02/controversia-nas-reels-do-instagram-filtro-de-conteudo-em-cheque-e1740665007493.webp,2025-02-27T13:58:32Z,A Meta está melhorando o filtro de conteúdo no Instagram para oferecer uma experiência mais segura aos usuários. Novas configurações de privacidade permitem que os usuários personalizem o nível de pr… [+5943 chars],-0.296
"{'id': None, 'name': 'kicker'}",kicker,"""Wer hat sich sowas ausgedacht?"": FM24-Mod sorgt für wilde Szenen","Für den Football Manager 2024 gibt es vier neue Match-Engine-Modifikationen. Mehr Realismus, ein schnelleres, körperbetontes Spiel - und ""pures Chaos"" bieten die Entwickler an.",https://www.kicker.de/wer-hat-sich-sowas-ausgedacht-fm24-mod-sorgt-fuer-wilde-szenen-1094002/artikel,https://derivates.kicker.de/image/upload/c_crop%2Cx_0%2Cy_0%2Cw_4000%2Ch_2250/w_1200%2Cq_auto/v1/2025/02/27/517accf9-cdd5-4394-8640-0b6aecb326db.jpeg,2025-02-27T13:56:10Z,"Für den Football Manager 2024 gibt es vier neue Match-Engine-Modifikationen. Mehr Realismus, ein schnelleres, körperbetontes Spiel - und ""pures Chaos"" bieten die Entwickler an. 
 Aktuell ist die Com… [+2776 chars]",-0.91
"{'id': None, 'name': 'Clubic'}",Mia Ogouchi,Modération de contenu : Meta va-t-il se faire taper sur les doigts par son propre conseil de surveillance ?,"En janvier, Meta a opéré un revirement aussi spectaculaire qu'inquiétant au sujet de sa politique de modération. Mais son conseil de surveillance pourrait bien changer les choses…",https://www.clubic.com/actualite-555228-moderation-de-contenu-meta-va-t-il-se-faire-taper-sur-les-doigts-par-son-propre-conseil-de-surveillance.html,https://pic.clubic.com/v1/images/2281776/raw,2025-02-27T13:54:00Z,"Cependant, les avis du conseil de surveillance ne sont pas contraignants, comme le précise Paolo Carozza : « nous ne sommes qu'une pièce d'un puzzle complexe de responsabilité et de surveillance. » M… [+376 chars]",0.0
"{'id': None, 'name': 'Adweek'}",Bill Bradley,Paramount Cites Trump as It Rolls Back DEI Initiatives,"Amid its pending $8 billion merger with Skydance Media, Paramount becomes the latest media company to roll back DEI initiatives. In a Wednesday memo to staff seen by ADWEEK, co-CEOs George Cheeks, Chris McCarthy, and Brian Robbins noted that the Trump Adminis…",https://www.adweek.com/convergent-tv/paramount-trump-rolls-back-dei-initiatives/,https://www.adweek.com/wp-content/uploads/2024/05/skydance-media-paramount-2024.jpg?w=600&h=315&crop=1,2025-02-27T13:52:30Z,"Amid its pending $8 billion merger with Skydance Media, Paramount becomes the latest media company to roll back DEI initiatives.
In a Wednesday memo to staff seen by ADWEEK, co-CEOs George Cheeks, C… [+3187 chars]",0.0
"{'id': None, 'name': 'Yahoo Entertainment'}",鉅亨網編譯羅昀玫 綜合外電,〈美股盤後〉川普關稅威脅再起 輝達暴跌超8% 費半血崩逾6%,美國經濟降溫，關稅威脅再起，美股主指週四 (27 日) 盡墨。川普撤銷石油巨頭雪佛龍在委內瑞拉經營許可，能源股走強。AI 巨頭輝達暴跌超 8%。,https://tw.stock.yahoo.com/news/%E7%BE%8E%E8%82%A1%E7%9B%A4%E5%BE%8C-%E5%B7%9D%E6%99%AE%E9%97%9C%E7%A8%85%E5%A8%81%E8%84%85%E5%86%8D%E8%B5%B7-%E8%BC%9D%E9%81%94%E6%9A%B4%E8%B7%8C%E8%B6%858-%E8%B2%BB%E5%8D%8A%E8%A1%80%E5%B4%A9%E9%80%BE6-215212503.html,https://media.zenfs.com/ko/cnyes.com.tw/dee7840a5366115b522a1016e4478358,2025-02-27T13:52:12Z,"(27 ) AI 8%
 190 500 1.59% 2025 2.78% 6%
 3 4 10% 
 25% 
 (GDP) 2.3% 3.1% 
 242,000 
AAII 40.5% 60.6%
 (PCE) 
 (27 ) 
<ul><li> 193.62 0.45% 43,239.5 
</li><li> 530.84 2.78% 18,544.42 
</li… [+850 chars]",0.0
"{'id': None, 'name': 'Libertaddigital.com'}",Laura García,Muere el exjugador del Real Madrid Javier Dorado a los 48 años tras una larga enfermedad,El jugador de Talavera de la Reina se retiró en 2012 y militó en varios clubes españoles durante su carrera futbolística.,https://www.libertaddigital.com/deportes/futbol/2025-02-27/muere-el-exjugador-del-real-madrid-javier-dorado-a-los-48-anos-tras-una-larga-enfermedad-7225046/,https://s.libertaddigital.com/2025/02/27/1200/627/ld/pixelcut-export.png,2025-02-27T13:52:10Z,"Javier Dorado Bielsa, el exjugador de equipos como Real Madrid, Mallorca o Sporting de Gijón, entre otros clubes, ha fallecido como consecuencia de una larga enfermedad, según ha informado la Cadena … [+2328 chars]",0.5859
"{'id': None, 'name': 'Standaard.be'}",Karsten Lemmens,Meta verontschuldigt zich voor choquerende beelden op Instagram: “Die content had niet aanbevolen mogen worden”,Instagram-gebruikers werden blootgesteld aan choquerende beelden van geweld. Volgens moederbedrijf Meta was dat “een fout”.,https://www.standaard.be/cnt/dmf20250227_94982526,https://static.standaard.be/Assets/Images_Upload/2025/02/27/d6d3815f-154f-4a60-bc5b-39ca5542b69a.jpg?maxheight=416&maxwidth=568,2025-02-27T13:50:04Z,Instagram-gebruikers werden blootgesteld aan choquerende beelden van geweld. Volgens moederbedrijf Meta was dat een fout.Veel gebruikers van de foto- en video-app Instagram kregen recent opvallende f… [+2841 chars],0.0
"{'id': None, 'name': 'Digital Trends'}",Diego Bastarrica,Instagram podría cambiar la forma en que accedes a Reels para enfrentarse a TikTok,"La fiebre del oro de los videos cortos y verticales sigue al alza
The post Instagram podría cambiar la forma en que accedes a Reels para enfrentarse a TikTok appeared first on Digital Trends Español.",https://es.digitaltrends.com/noticias/instagram-podria-cambiar-la-forma-en-que-accedes-a-reels-para-enfrentarse-a-tiktok/,https://es.digitaltrends.com/wp-content/uploads/2025/02/Instagram-Reels.jpeg?resize=1200%2C630&p=1,2025-02-27T13:48:55Z,"Tabla de contenidos
Tabla de contenidos
La posición de TikTok en EE. UU.
Otra aplicación independiente de Meta
La fiebre del oro de los videos de formato corto y la incertidumbre que se avecina e… [+3603 chars]",0.0
"{'id': 'rt', 'name': 'RT'}","RT en Español
 , RT en Español","El Kremlin: Los nuevos territorios rusos son parte integral de Rusia y es ""indiscutible""","Dmitri Peskov comentó así la declaración de Donald Trump, de que su administración ""va a intentar por todos los medios llegar a un buen acuerdo para que Ucrania pueda recuperar lo máximo posible"".",https://actualidad.rt.com/actualidad/541398-kremlin-nuevos-territorios-parte-integrante-rusia-indiscutible,https://mf.b37mrtl.ru/actualidad/public_images/2025.02/article/67c042de59bf5b038f65f125.jpg,2025-02-27T13:48:31Z,"Las Repúblicas Populares de Donetsk y Lugansk, así como las provincias de Zaporozhie y Jersón son parte integral de Rusia y ese es un hecho ""no negociable"", declaró el jueves el portavoz del Kremlin,… [+2350 chars]",0.0
"{'id': None, 'name': 'Boston Herald'}",Associated Press,"Number of Americans filing for unemployment benefits rises to 242,000, highest level in 3 months",Applications for U.S. jobless benefits rose to a three-month high last week but still in same healthy range of the past three years.,https://www.bostonherald.com/2025/02/27/us-unemployment-benefits-february-2025/,https://www.bostonherald.com/wp-content/uploads/2025/02/Unemployment_Benefits_22630.jpg?w=1024&h=682,2025-02-27T13:47:33Z,"By MATT OTT, Associated Press Business Writer
Applications for U.S. jobless benefits rose to a three-month high last week but remained within the same healthy range of the past three years.
The num… [+2751 chars]",0.6542
"{'id': None, 'name': 'The Denver Post'}",The Associated Press,"Number of Americans filing for unemployment benefits rises to 242,000, highest level in 3 months",Applications for U.S. jobless benefits rose to a three-month high last week but still in same healthy range of the past three years.,https://www.denverpost.com/2025/02/27/us-unemployment-benefits-february-2025/,https://www.denverpost.com/wp-content/uploads/2025/02/Unemployment_Benefits_22630.jpg?w=1024&h=682,2025-02-27T13:47:33Z,"By MATT OTT, Associated Press Business Writer
Applications for U.S. jobless benefits rose to a three-month high last week but remained within the same healthy range of the past three years.
The num… [+2751 chars]",0.6542
"{'id': 'business-insider', 'name': 'Business Insider'}",Dan DeFrancesco,People are pumping the brakes on their expectations of economic growth,"The US economy is starting to look sluggish, and DOGE's government cuts could be speeding up its slowdown.",https://www.businessinsider.com/us-economy-slowing-signs-slowing-doge-sluggish-growth-2025-2,https://i.insider.com/67c04fdab1834fe311659f69?width=1200&format=jpeg,2025-02-27T13:46:54Z,"United States Treasury DepartmentGetty Images
<ul><li>This excerpt originally appeared in the Business Insider Today newsletter.</li><li>You can sign up for Business Insider's daily newsletter here.… [+9815 chars]",0.5574
"{'id': 'la-nacion', 'name': 'La Nacion'}",El Tiempo (Colombia),Un hombre fue estafado por más de 20 mil dólares por una falsa novia generada con inteligencia artificial,"Los estafadores usaron la tecnología para crear una identidad falsa con fotos, videos y documentos; conocé la historia en detalle en esta nota",https://www.lanacion.com.ar/lifestyle/en-las-redes/un-hombre-fue-estafado-por-mas-de-20-mil-dolares-por-una-falsa-novia-generada-con-inteligencia-nid27022025/,https://resizer.glanacion.com/resizer/v2/la-victima-nunca-tuvo-contacto-real-con-la-mujer-OHX22QTIYJEBLAV3MBQAMLN7FU.jpg?auth=d78c434707b0393da143bfd7110cfcdc33b7da4543837c5376bc28d8b3d1c429&width=1200&quality=70&smart=false&height=800,2025-02-27T13:46:49Z,"Un ciudadano de Shanghái perdió más de 27.000 dólares luego de ser engañado en una relación virtual con una supuesta pareja creada mediante inteligencia artificial, según informaron medios estatales … [+2868 chars]",0.0
"{'id': 'cbc-news', 'name': 'CBC News'}",,Remains found last year confimed to be Halifax teen,Halifax police say remains found last year have been confirmed to be that of a 16-year-old boy who went missing three years ago.,https://www.cbc.ca/news/canada/nova-scotia/remains-found-last-year-confimed-to-be-halifax-teen-devon-marsman-1.7469863,https://i.cbc.ca/1.6398580.1740662507!/fileImage/httpImage/image.jpg_gen/derivatives/16x9_1180/missing-teen.jpg?im=Resize%3D620,2025-02-27T13:45:31Z,"Police say remains found last year have been confirmed to be that of a 16-year-old Halifax boy who went missing three years ago.
Devon Sinclair Marsman was last seen on Feb. 24, 2022, in the Spryfie… [+2232 chars]",-0.296
"{'id': 'il-sole-24-ore', 'name': 'Il Sole 24 Ore'}",di Lucilla Incorvati,"Dalle foreste ai fari, luoghi dove il silenzio entra nell’anima","Dalle Dolomiti all’Umbria, passando per l’Irlanda e la Spagna, indirizzi per ritrovare una nuova connessione con gli spazi e il tempo",https://www.ilsole24ore.com/art/dalle-foreste-fari-luoghi-dove-silenzio-entra-nell-anima-AGZvL8yC,https://i2.res.24o.it/images2010/S24/Documenti/2025/02/19/Immagini/Ritagli/FORESTIS-Aussicht-3-U47612156717dqY-1440x752@IlSole24Ore-Web.jpg?r=1170x507,2025-02-27T13:43:38Z,"Ascolta la versione audio dell'articolo
5' di lettura
Quando non si ode nulla o poco, il mondo rumoroso scompare e ci riappropriamo dei nostri suoni, liberi e intimi. Siamo a 1.800 metri daltitudin… [+4701 chars]",0.0
"{'id': None, 'name': 'Comptoir-hardware.com'}",contact@comptoir-hardware.com,"Exception faite de la Nintendo Switch, les consoles portables restent un marché de niche","Voilà déjà trois ans que Valve a lancé son Steam Deck. Pour marquer cet anniversaire, le site The Verge a commandé une étude de marché à IDC... [Tout lire]",https://www.comptoir-hardware.com/actus/modding-et-systemes/47996-exception-faite-de-la-nintendo-switch-les-consoles-portables-restent-un-marche-de-niche.html,https://www.comptoir-hardware.com/images/stories/_portables/consoles-portables/steam-deck-piscine.jpg,2025-02-27T13:41:48Z,"Voilà déjà trois ans que Valve a lancé son Steam Deck. Pour marquer cet anniversaire, le site The Verge a commandé une étude de marché à IDC. Verdict : en matière de ventes, la console portable de Va… [+5357 chars]",0.1531
"{'id': 'the-times-of-india', 'name': 'The Times of India'}",ETtech,Infosys layoffs escalate; Nvidia’s profit soars,The union labour ministry has urged Karnataka’s state labour commissioner to investigate the controversial Infosys layoffs. This and more in today’s ETtech Top 5.,https://economictimes.indiatimes.com/tech/newsletters/tech-top-5/infosys-layoffs-escalate-nvidias-profit-soars/articleshow/118606323.cms,"https://img.etimg.com/thumb/msid-118606318,width-1070,height-580,imgsize-71072,overlay-ettech/editionshow.jpg",2025-02-27T13:36:54Z,The union labour ministry has urged Karnatakas state labour commissioner to investigate the controversial Infosys layoffs. This and more in todays ETtech Top 5.Also in the letter: Paytms AI collabora… [+7584 chars],0.0
"{'id': None, 'name': 'Tomshw.it'}",Andrea Riviera,"PlayStation VR2 costerà meno, arriva il primo taglio di prezzo ufficiale","La corsa alla realtà virtuale sta entrando in una nuova fase, con Sony che tenta di rilanciare il proprio visore premium attraverso un significativo taglio di prezzo. Il colosso giapponese ha a...",https://www.tomshw.it/videogioco/playstation-vr2-riduzione-di-prezzo-mondiale-a-marzo-2025-02-27,https://www.tomshw.it/storage/media/2024/05/22400/PSVR-2.jpg,2025-02-27T13:36:07Z,"La corsa alla realtà virtuale sta entrando in una nuova fase, con Sony che tenta di rilanciare il proprio visore premium attraverso un significativo taglio di prezzo. Il colosso giapponese ha annunci… [+4214 chars]",0.34
"{'id': None, 'name': 'Abril.com.br'}",Matheus Leitão,Representante para a COP faz alerta sobre exploração perto da Amazônia,"Em entrevista, Ali Shareef, das Maldivas, afirma que governo Lula deve garantir 'medidas rigorosas de segurança antes de projeto' na Foz do Amazonas",https://veja.abril.com.br/coluna/matheus-leitao/representante-para-a-cop-faz-alerta-sobre-exploracao-perto-da-amazonia,"https://veja.abril.com.br/wp-content/uploads/2025/02/Screen-Shot-2025-02-27-at-10.30.53.png?crop=1&resize=1080,565",2025-02-27T13:34:46Z,"Clique e Assine VEJA a partir de R$ 5,99
Oceanógrafo Ali Shareef, enviado especial para Mudanças Climáticas da Presidência das Maldivas e uma das vozes mais influentes na agenda global de adaptação … [+8456 chars]",0.0
"{'id': None, 'name': 'Www.nrc.nl'}",Floor Bouma,Is de Franse app Le Chat het Europese AI-alternatief?,Kunstmatige intelligentie: Le Chat is een Franse chatbot die ‘Europese waarden’ beter zegt te begrijpen. Onduidelijk is wat dat betekent.,https://www.nrc.nl/nieuws/2025/02/27/is-de-franse-app-le-chat-het-europese-ai-alternatief-a4884671,https://images.nrc.nl/0qqtQaTtAb4_VA6I6QFyDxd7Ex4=/1200x627/smart/filters:no_upscale()/s3/static.nrc.nl/images/gn4/stripped/data128220042-ed3c71.jpg,2025-02-27T13:34:03Z,"Een blokkerige, oranje-rode M midden in je scherm kijkt je aan. Als je door je oogharen kijkt, herken je er een kat in. Demander au chat staat eronder: vragen aan de chat of de kat het woord heeft tw… [+7388 chars]",0.0
"{'id': None, 'name': 'Unwire.hk'}",Oscar,特朗普：Apple 未能徹底清除 DEI　Tim Cook：除非立法、否則不改方針,"美國總統特朗普於 2025 年 2 月 26 日在 Truth Social 發帖，力促 Apple 全面廢除其多元、平等與包容（Diversity, equity, and inclusion，DEI）政策，斥之為「騙局」，並稱其有損國家利益。前一日 Apple 在年度股東大會上審視相關議題，行政總裁 Tim Cook 表明堅持現行 DEI 方針，並獲股東鼎力支持。特朗普此舉與其近期反 DEI 立場一脈相承，而 Apple 則強調政策不涉招聘配額，視之為企業成功的基石。 ▲圖片來源：Apple Insider …",https://unwire.hk/2025/02/27/apple-dei-trump-blames/fun-tech/,https://cdn.unwire.hk/wp-content/uploads/2025/02/fb_photo6-3.png,2025-02-27T13:30:29Z,"2025 2 26 Truth Social Apple Diversity, equity, and inclusionDEI Apple Tim Cook DEI DEI Apple 
Apple Insider
Apple 2 25 Tim Cook Tim Cook Apple DEI 3.7 
 2 26 Truth Social Apple DEI DEI DEI DEI Me… [+457 chars]",0.5574
"{'id': 'the-times-of-india', 'name': 'The Times of India'}",Mediawire,PNB MetLife unveils “Aapka aage ka plan kya hai” campaign and Inspiring thoughtful retirement planning and financial security,PNB MetLife launches Aapka aage ka plan kya hai ?' campaign to inspire retirement planning and financial security. Discover the Grand Assured Income Plan for guaranteed annuity and lifetime income.,https://economictimes.indiatimes.com/news/india/pnb-metlife-unveils-aapka-aage-ka-plan-kya-hai-campaign-and-inspiring-thoughtful-retirement-planning-and-financial-security/articleshow/118606462.cms,"https://img.etimg.com/thumb/msid-118606462,width-1200,height-630,imgsize-33537,overlay-economictimes/articleshow.jpg",2025-02-27T13:30:15Z,"PNB MetLife India Insurance Company Limited has unveiled its latest campaign, Aapka aage ka plan kya hai?, aimed at inspiring individuals to take charge of their retirement planning with confidence. … [+3485 chars]",0.6369
"{'id': None, 'name': 'Webrazzi.com'}",Tuğçe İçözü,"Instagram, Reels için ayrı bir uygulama çıkarabilir","Meta, kısa formattaki videolar için bağımsız bir uygulama yayına alabilir. The Information'ın paylaştığı bilgilere göre; Project Ray kod adlı proje kapsamında şirket, ABD'deki yeni ve mevcut kullanıcılara daha fazla üç dakikalık video sunmayı amaçlıyor.
Bu a…",https://webrazzi.com/2025/02/27/instagram-reels-icin-ayri-bir-uygulama-cikarabilir/,https://cdn.webrazzi.com/uploads/2025/02/reels-548.png,2025-02-27T13:30:00Z,"Meta, ksa formattaki videolar için bamsz bir uygulama yayna alabilir. The Information'n paylat bilgilere göre; Project Ray kod adl proje kapsamnda irket, ABD'deki yeni ve mevcut kullanclara daha fazl… [+1426 chars]",0.0
"{'id': None, 'name': 'Www.dn.se'}",Sanna Torén Björling,Sanna Torén Björling: Hell no! Journalisterna vill inte anpassa bevakningen av Trump,"Trots stämningar, hot om rättsprocesser och kringskurna möjligheter är det inte de amerikanska journalisterna som lismar för Trump – det är ägarna. Sanna Torén Björling skriver om anpassliga miljardärer.",https://www.dn.se/kultur/sanna-toren-bjorling-hell-no-journalisterna-vill-inte-anpassa-bevakningen-av-trump/,"https://static.bonniernews.se/gcs/bilder/dn-mly/9cdf847b-a7fc-4274-a01c-001f3d3cd821.jpeg?io=1&width=1024&crop=16:9,smart",2025-02-27T13:28:22Z,"Hell yes! Så löd det svar Jeff Bezos krävde från David Shipley, politisk redaktör på Washington Post, inför omsvängningen av opinionssidan. Så lätt är det att få folk att sluta.
Enligt tidningsägare… [+1911 chars]",-0.4926
"{'id': None, 'name': 'PetaPixel'}",Matt Growcoot,Meta Apologizes for Recommending Violent Content to Instagram Users,"Meta has apologized after violent videos showing people being killed or badly injured were recommended to Instagram users yesterday (Wednesday).
[Read More]",https://petapixel.com/2025/02/27/meta-apologizes-for-recommending-violent-content-to-instagram-users/,https://petapixel.com/assets/uploads/2025/02/Instagram.jpg,2025-02-27T13:26:53Z,"Instagram pushed violent content onto users’ feeds yesterday.
Meta has apologized after violent videos showing people being killed or badly injured were recommended to Instagram users yesterday (Wed… [+2137 chars]",-0.9432
"{'id': None, 'name': 'Clubic'}",Naïm Bada,"Instagram vous montre des contenus choquants ? Vous n'êtes pas seul, Meta confirme le bug","Des vidéos de violence extrême, des contenus explicites et des images choquantes ont envahi les fils Instagram de nombreux utilisateurs ces derniers jours. Ce phénomène mondial n'est pas le fruit du hasard mais bien d'une erreur technique, comme l'a confirmé …",https://www.clubic.com/actualite-555198-instagram-vous-montre-des-contenus-choquants-vous-n-etes-pas-seul-meta-confirme-le-bug.html,https://pic.clubic.com/v1/images/2281680/raw,2025-02-27T13:26:00Z,"Depuis mardi soir, les témoignages se multiplient sur les réseaux sociaux. Des utilisateurs du monde entier rapportent une augmentation soudaine de vidéos violentes, explicites et inappropriées dans … [+814 chars]",0.0
"{'id': None, 'name': 'Webrazzi.com'}",Webrazzi,2025’in En Heyecan Verici Mobil Uygulama Trendleri! [Sponsorlu İçerik],"Mobil uygulama ekonomisi, 2025’te pazarlamacılar ve geliştiriciler için benzersiz fırsatlar sunuyor. 2024’te küresel uygulama yüklemeleri yıllık bazda %11 arttı. Bu durum 2023’te uygulama kullanımındaki düşüş trendlerini hatırlayanlar için sevindirici bir gel…",https://webrazzi.com/2025/02/27/2025-in-en-heyecan-verici-mobil-uygulama-trendleri/,https://cdn.webrazzi.com/uploads/2025/02/adjust-224.png,2025-02-27T13:25:00Z,"Mobil uygulama ekonomisi, 2025te pazarlamaclar ve gelitiriciler için benzersiz frsatlar sunuyor. 2024te küresel uygulama yüklemeleri yllk bazda %11 artt. Bu durum 2023te uygulama kullanmndaki düü tre… [+3019 chars]",0.0
"{'id': None, 'name': 'Faz.net'}",Timo Frasch,Trotz Trump: Europäische Kultiviertheit bleibt eine Stärke,"Der Rowdy setzt sich durch, früher auf dem Schulhof, heute in der Politik – und das in immer mehr Ländern. Gerade jetzt sollten wir am Wert der Kultiviertheit festhalten. Sie ist eine Stärke.",https://www.faz.net/aktuell/politik/inland/usa-sollen-wir-in-europa-wirklich-werden-wie-donald-trump-110311794.html,https://media0.faz.net/ppmedia/aktuell/3653090690/1.10324680/facebook_teaser/donald-trump-spricht-am.jpg,2025-02-27T13:24:05Z,"Eltern erzählen ihren Kindern gern, wichtiger, als Geld und Macht anzuhäufen, sei es, ein guter Mensch zu werden. Manche behaupten auch, das eine hänge mit dem anderen zusammen. Wer im Leben nicht ne… [+4462 chars]",0.0
